id,fecha,id_hotel,concepto,monto,pagado
1,2006-02-27,269,Otros,948,No
2,2009-04-24,433,Limpieza,5214,Si
3,2021-11-05,934,Otros,78,No
4,2022-05-18,388,Otros,6456,No
5,2009-01-27,229,Luz,6462,No
6,2002-10-12,976,Gas,6109,Si
7,2015-11-16,415,Luz,4918,No
8,2000-02-03,290,Gas,262,Si
9,2013-04-06,825,Limpieza,6028,Si
10,2005-07-17,933,Otros,7307,No
11,2023-11-27,92,Limpieza,4172,Si
12,2006-02-07,801,Otros,8055,Si
13,2001-05-27,9,Luz,1875,Si
14,2001-08-04,234,Gas,5134,Si
15,2016-08-05,685,Otros,2914,Si
16,2009-07-08,304,Otros,8184,No
17,2009-01-29,117,Agua,8297,Si
18,2022-02-04,857,Luz,9290,Si
19,2005-12-05,543,Otros,2718,Si
20,2011-02-22,671,Otros,3870,Si
21,2016-11-13,237,Limpieza,2775,Si
22,2010-03-07,14,Limpieza,940,Si
23,2015-04-02,545,Otros,6351,Si
24,2005-12-08,221,Otros,3314,No
25,2022-03-02,66,Agua,4399,No
26,2003-06-21,802,Agua,2302,Si
27,2006-05-21,435,Agua,2468,Si
28,2015-09-15,803,Luz,9516,No
29,2016-06-23,514,Gas,1766,No
30,2022-01-18,322,Gas,8069,No
31,2004-09-03,604,Agua,8903,No
32,2005-05-02,850,Otros,7306,Si
33,2019-11-04,576,Otros,219,Si
34,2000-11-14,624,Gas,2033,No
35,2005-07-17,737,Agua,6516,Si
36,2006-06-23,942,Limpieza,1162,Si
37,2004-11-24,620,Agua,8794,Si
38,2022-06-18,899,Luz,9189,No
39,2019-05-19,968,Agua,363,No
40,2024-08-30,591,Gas,8517,No
41,2009-12-07,951,Agua,1209,Si
42,2002-09-23,652,Luz,7480,Si
43,2018-02-11,62,Luz,6437,No
44,2006-05-07,164,Gas,3967,No
45,2005-04-25,268,Gas,5659,No
46,2017-01-10,954,Luz,5981,No
47,2007-11-24,731,Limpieza,4963,Si
48,2003-04-12,649,Limpieza,6241,No
49,2008-12-06,207,Gas,6553,Si
50,2010-01-07,506,Otros,3608,Si
51,2009-07-03,11,Gas,671,Si
52,2018-11-07,94,Agua,4656,No
53,2024-02-19,657,Limpieza,2670,No
54,2016-12-28,267,Luz,1347,Si
55,2020-03-29,696,Otros,2209,Si
56,2001-09-03,62,Gas,3483,Si
57,2017-08-13,940,Limpieza,4607,Si
58,2009-10-27,728,Otros,4418,No
59,2010-04-03,802,Limpieza,3475,No
60,2021-03-13,791,Limpieza,9040,No
61,2003-12-02,804,Luz,8395,No
62,2022-09-20,563,Otros,7334,Si
63,2008-07-03,317,Luz,7686,No
64,2024-11-30,856,Otros,597,No
65,2001-10-13,380,Limpieza,4725,Si
66,2004-03-05,147,Luz,2558,Si
67,2021-12-26,462,Gas,7607,Si
68,2000-06-28,966,Luz,6960,No
69,2017-07-11,78,Otros,8722,No
70,2024-08-11,772,Gas,3590,No
71,2023-10-25,109,Limpieza,1186,Si
72,2005-04-26,202,Limpieza,1281,No
73,2013-09-02,492,Otros,75,No
74,2003-10-31,623,Otros,4529,No
75,2009-03-04,444,Agua,7939,Si
76,2009-01-04,217,Limpieza,2623,Si
77,2021-02-27,63,Gas,7265,No
78,2017-10-26,536,Otros,7457,Si
79,2004-10-28,112,Gas,2111,No
80,2019-08-14,69,Gas,9416,No
81,2017-04-03,930,Agua,8228,No
82,2012-07-12,508,Luz,1171,No
83,2023-07-31,150,Gas,9851,No
84,2002-07-16,752,Luz,9531,No
85,2016-08-27,664,Luz,1616,Si
86,2009-08-02,89,Agua,2336,Si
87,2007-03-06,230,Limpieza,9176,Si
88,2001-07-04,124,Agua,371,No
89,2001-04-07,654,Limpieza,8596,Si
90,2021-11-16,891,Otros,4471,No
91,2011-07-22,338,Otros,9884,No
92,2010-05-06,11,Limpieza,6194,Si
93,2004-04-25,655,Limpieza,8650,No
94,2018-06-17,243,Luz,9622,No
95,2020-03-20,302,Limpieza,6142,No
96,2016-11-11,172,Agua,762,No
97,2006-03-23,407,Limpieza,9454,Si
98,2022-08-06,352,Luz,7121,Si
99,2012-01-03,313,Otros,2581,Si
100,2023-03-22,628,Limpieza,2300,No
101,2014-05-18,605,Gas,1713,Si
102,2000-10-19,39,Otros,7192,No
103,2019-01-12,452,Otros,7113,Si
104,2022-07-05,112,Agua,2122,Si
105,2020-10-06,148,Luz,7578,Si
106,2001-12-16,131,Luz,3551,Si
107,2011-03-29,508,Limpieza,4276,No
108,2010-03-21,668,Limpieza,167,No
109,2023-08-09,385,Luz,1203,Si
110,2016-05-06,283,Luz,7073,Si
111,2002-06-15,912,Luz,4384,Si
112,2016-05-08,896,Gas,2141,Si
113,2006-07-30,421,Agua,1892,Si
114,2009-05-11,196,Otros,1754,Si
115,2007-03-13,613,Limpieza,8896,Si
116,2023-10-25,516,Limpieza,6619,No
117,2012-02-21,960,Agua,3213,Si
118,2008-02-13,838,Limpieza,7560,No
119,2011-07-20,425,Limpieza,8680,Si
120,2021-11-02,671,Gas,9294,Si
121,2011-04-03,914,Gas,1897,No
122,2018-03-15,914,Limpieza,5686,Si
123,2004-12-26,859,Limpieza,3667,No
124,2008-04-26,70,Limpieza,3924,Si
125,2013-05-19,51,Luz,223,Si
126,2000-03-31,833,Agua,2661,Si
127,2012-12-27,765,Luz,9681,Si
128,2018-09-16,870,Limpieza,1693,Si
129,2010-01-10,709,Agua,4552,No
130,2015-12-08,632,Gas,9534,No
131,2001-04-20,912,Otros,4705,No
132,2008-03-27,99,Otros,5828,No
133,2018-07-28,171,Gas,792,No
134,2015-05-12,361,Gas,9678,Si
135,2023-05-05,915,Agua,7550,Si
136,2005-09-02,40,Gas,3145,No
137,2006-04-16,107,Luz,280,Si
138,2022-12-25,295,Agua,3681,No
139,2006-05-30,465,Gas,7017,No
140,2002-01-26,203,Otros,1907,No
141,2017-08-02,15,Luz,7729,No
142,2003-08-04,316,Limpieza,5337,No
143,2015-06-23,916,Luz,1106,Si
144,2007-11-23,926,Otros,8101,No
145,2002-07-17,31,Limpieza,9862,No
146,2012-08-24,909,Limpieza,2910,No
147,2012-06-12,173,Limpieza,6807,No
148,2021-08-09,724,Gas,4575,No
149,2011-04-23,792,Agua,240,Si
150,2009-04-18,777,Otros,1712,No
151,2016-10-26,386,Otros,9271,No
152,2003-04-23,469,Limpieza,7121,No
153,2019-08-12,137,Agua,1119,No
154,2003-03-01,918,Luz,5934,No
155,2004-05-12,555,Luz,8179,No
156,2005-10-08,216,Gas,1305,No
157,2018-01-22,292,Otros,7499,Si
158,2018-08-02,742,Limpieza,8053,Si
159,2001-11-11,297,Otros,7161,No
160,2021-10-12,453,Luz,6150,No
161,2018-11-29,864,Luz,4863,No
162,2020-03-02,530,Gas,41,No
163,2001-10-22,982,Limpieza,413,Si
164,2012-04-27,494,Gas,4303,Si
165,2017-05-15,283,Otros,4262,No
166,2006-11-11,463,Otros,6352,Si
167,2011-08-08,128,Limpieza,7,Si
168,2015-12-07,839,Luz,603,No
169,2010-10-15,737,Agua,5421,No
170,2001-03-17,33,Gas,2107,Si
171,2020-12-15,667,Agua,8733,Si
172,2013-09-16,622,Gas,4803,Si
173,2002-04-04,726,Agua,4034,Si
174,2011-01-13,472,Gas,324,No
175,2008-03-19,283,Agua,5793,No
176,2000-12-03,695,Otros,3664,Si
177,2005-05-15,624,Gas,4974,No
178,2012-10-12,718,Limpieza,2428,No
179,2006-01-12,97,Limpieza,7923,Si
180,2006-11-10,334,Limpieza,5032,No
181,2007-03-17,239,Otros,3021,No
182,2000-03-20,994,Luz,940,No
183,2000-06-15,115,Luz,6718,Si
184,2004-05-11,565,Limpieza,7832,No
185,2021-09-14,385,Luz,8567,No
186,2020-07-01,122,Otros,3543,Si
187,2012-05-20,91,Luz,2043,No
188,2004-01-25,716,Otros,6945,Si
189,2011-07-29,32,Limpieza,814,Si
190,2009-08-03,909,Luz,3858,No
191,2007-05-29,106,Otros,5504,Si
192,2013-12-16,837,Limpieza,8433,Si
193,2021-08-13,240,Luz,3140,Si
194,2018-10-30,415,Limpieza,4080,No
195,2010-02-03,839,Gas,9692,No
196,2008-05-08,874,Agua,2757,Si
197,2023-01-24,842,Gas,5011,No
198,2021-05-18,561,Gas,7405,No
199,2022-12-04,254,Agua,1515,Si
200,2016-03-13,498,Gas,8493,Si
201,2002-08-08,819,Agua,7968,Si
202,2003-07-01,371,Luz,3904,Si
203,2000-03-28,1000,Otros,73,No
204,2016-01-10,312,Otros,837,No
205,2010-12-21,437,Otros,1170,No
206,2005-12-23,402,Otros,9765,Si
207,2016-04-17,373,Luz,8191,Si
208,2003-09-18,203,Luz,8558,No
209,2024-01-25,16,Gas,6599,Si
210,2019-08-31,157,Agua,5369,No
211,2003-12-09,263,Agua,3442,No
212,2024-01-04,775,Otros,7393,No
213,2017-06-24,71,Otros,833,No
214,2010-05-21,880,Otros,8403,Si
215,2010-01-13,302,Agua,7239,No
216,2000-02-28,489,Limpieza,8208,Si
217,2003-12-25,627,Otros,4307,No
218,2009-03-08,954,Otros,1542,Si
219,2012-06-08,316,Gas,5403,No
220,2018-05-08,999,Otros,9067,Si
221,2007-12-29,888,Gas,903,Si
222,2021-11-04,479,Limpieza,6336,Si
223,2000-09-29,962,Agua,7809,No
224,2013-11-08,802,Gas,2005,No
225,2006-03-19,830,Limpieza,2937,No
226,2018-06-17,512,Otros,976,No
227,2003-02-04,799,Agua,7823,Si
228,2015-11-05,544,Agua,4546,No
229,2022-01-28,83,Otros,7643,Si
230,2014-11-23,678,Luz,9137,No
231,2019-11-01,98,Agua,3598,Si
232,2012-10-10,357,Agua,3048,Si
233,2007-04-20,390,Luz,5670,Si
234,2014-03-21,10,Gas,1368,Si
235,2014-06-22,445,Luz,5529,No
236,2007-04-18,807,Gas,2579,No
237,2005-03-26,126,Agua,354,Si
238,2008-04-20,240,Otros,7928,Si
239,2004-11-02,858,Otros,2344,No
240,2020-07-11,203,Gas,3069,No
241,2017-11-04,334,Limpieza,328,Si
242,2016-09-20,580,Gas,4891,Si
243,2015-07-19,732,Gas,4250,No
244,2004-01-22,907,Luz,7197,Si
245,2001-12-17,165,Gas,8685,Si
246,2019-07-26,542,Limpieza,2334,No
247,2007-07-29,679,Agua,5481,No
248,2002-06-10,992,Luz,6842,Si
249,2004-03-31,830,Otros,9881,Si
250,2002-04-13,523,Limpieza,6557,Si
251,2006-09-23,249,Luz,5326,No
252,2005-10-01,603,Otros,3574,Si
253,2010-10-16,535,Limpieza,4484,No
254,2005-12-28,812,Otros,9132,Si
255,2020-06-19,184,Otros,6501,No
256,2021-10-27,392,Luz,1618,No
257,2003-06-26,464,Limpieza,8435,No
258,2015-03-22,5,Agua,2113,Si
259,2022-09-07,713,Luz,902,Si
260,2015-08-03,142,Otros,9505,Si
261,2007-04-13,169,Gas,3527,Si
262,2024-11-05,539,Agua,1589,Si
263,2022-07-26,858,Luz,6914,Si
264,2009-09-27,103,Luz,2410,Si
265,2001-08-21,559,Gas,5821,Si
266,2017-04-20,573,Gas,2596,Si
267,2018-01-31,923,Limpieza,7407,Si
268,2004-06-28,292,Luz,3462,Si
269,2005-04-04,584,Otros,5691,No
270,2007-09-13,100,Gas,2847,No
271,2010-01-05,499,Gas,5902,Si
272,2003-12-26,727,Otros,7173,Si
273,2008-11-07,894,Limpieza,1405,Si
274,2012-02-19,166,Gas,4643,Si
275,2004-03-10,765,Luz,7302,No
276,2016-09-15,326,Otros,5344,Si
277,2013-08-31,515,Limpieza,3884,No
278,2008-02-08,511,Limpieza,1098,No
279,2017-03-15,999,Otros,7101,No
280,2017-11-24,733,Limpieza,6367,No
281,2011-12-25,141,Luz,142,No
282,2024-12-15,392,Luz,3755,Si
283,2012-09-08,434,Limpieza,4928,Si
284,2022-04-09,86,Agua,9861,No
285,2014-12-03,163,Luz,1887,Si
286,2024-04-18,470,Agua,8706,No
287,2022-10-08,675,Limpieza,5325,Si
288,2021-10-16,300,Luz,3547,No
289,2013-03-22,568,Limpieza,4474,Si
290,2018-07-16,338,Gas,2409,Si
291,2008-04-08,327,Otros,3292,No
292,2004-10-05,588,Gas,2665,No
293,2012-04-04,752,Luz,3541,No
294,2010-04-09,984,Agua,8339,Si
295,2011-08-27,515,Gas,8282,Si
296,2007-04-22,440,Agua,8588,No
297,2004-02-25,277,Luz,5043,Si
298,2018-12-12,362,Otros,7454,Si
299,2004-01-03,168,Luz,3740,Si
300,2011-12-13,771,Limpieza,1841,Si
301,2024-04-22,832,Limpieza,6301,No
302,2015-12-23,928,Otros,1867,No
303,2020-07-09,870,Gas,927,No
304,2017-06-03,484,Limpieza,9654,Si
305,2023-05-01,108,Gas,6044,No
306,2016-06-17,99,Agua,5745,Si
307,2005-11-30,527,Gas,8149,Si
308,2003-03-12,937,Otros,5834,No
309,2010-09-06,948,Agua,2420,No
310,2004-05-04,149,Otros,2361,No
311,2021-07-22,450,Otros,9972,Si
312,2010-06-05,723,Limpieza,7712,No
313,2001-04-25,385,Agua,5605,No
314,2024-11-03,493,Otros,3667,No
315,2022-05-19,395,Agua,5423,No
316,2007-09-29,53,Otros,1328,Si
317,2011-12-29,291,Luz,1926,No
318,2017-05-09,878,Gas,1425,Si
319,2023-04-18,773,Luz,1243,Si
320,2023-10-06,862,Limpieza,8085,No
321,2010-03-30,735,Luz,9253,Si
322,2012-07-04,604,Otros,8079,Si
323,2015-08-22,722,Agua,7251,No
324,2001-08-04,860,Luz,896,Si
325,2008-11-16,48,Gas,9077,Si
326,2012-05-27,912,Otros,2335,No
327,2008-04-22,319,Gas,9593,Si
328,2000-05-28,28,Luz,8926,Si
329,2021-10-23,816,Otros,6648,Si
330,2018-07-11,85,Limpieza,9073,Si
331,2020-11-09,427,Otros,923,Si
332,2012-03-18,118,Luz,3806,Si
333,2020-12-30,703,Gas,3617,No
334,2009-07-20,483,Luz,1289,Si
335,2017-05-05,537,Agua,8656,No
336,2021-08-27,989,Agua,99,Si
337,2015-01-08,516,Otros,5149,No
338,2013-02-04,708,Gas,9149,No
339,2019-04-20,919,Otros,2240,No
340,2022-03-22,226,Agua,3334,Si
341,2017-07-17,798,Luz,3257,No
342,2015-02-13,96,Gas,5763,Si
343,2001-04-09,764,Gas,8481,Si
344,2013-05-23,802,Luz,7715,Si
345,2003-12-12,999,Luz,5731,No
346,2013-05-21,545,Limpieza,6483,Si
347,2019-02-05,795,Agua,9128,Si
348,2000-01-04,136,Otros,8269,Si
349,2005-09-12,384,Otros,1530,No
350,2000-05-09,963,Gas,4414,No
351,2005-11-14,685,Otros,9513,No
352,2007-05-12,350,Limpieza,2913,Si
353,2015-05-17,769,Gas,8587,No
354,2014-06-26,712,Otros,18,No
355,2018-06-22,564,Luz,2607,Si
356,2022-10-24,52,Otros,9767,No
357,2004-11-25,653,Agua,1090,No
358,2004-02-11,116,Otros,48,No
359,2005-12-15,984,Luz,3422,No
360,2018-05-18,533,Agua,958,Si
361,2021-04-24,44,Otros,7628,No
362,2021-01-21,696,Limpieza,2396,Si
363,2011-09-19,497,Otros,4622,No
364,2006-02-17,120,Gas,9015,No
365,2005-08-02,194,Otros,1717,Si
366,2006-10-24,88,Limpieza,496,No
367,2003-12-20,366,Otros,2910,Si
368,2007-09-18,72,Agua,4465,Si
369,2012-11-04,941,Otros,6894,Si
370,2002-07-08,442,Agua,3925,No
371,2005-10-16,587,Limpieza,9228,Si
372,2013-09-16,753,Luz,1764,No
373,2008-11-25,820,Limpieza,6559,No
374,2017-07-21,733,Limpieza,4301,Si
375,2009-09-14,375,Luz,5334,Si
376,2014-03-06,201,Luz,7304,Si
377,2023-07-19,920,Limpieza,9131,Si
378,2014-09-22,29,Limpieza,5390,No
379,2011-09-14,647,Agua,9658,Si
380,2017-07-10,902,Agua,4510,No
381,2023-02-11,38,Agua,5972,No
382,2001-08-20,935,Limpieza,5210,No
383,2016-10-05,833,Gas,3356,No
384,2016-02-28,349,Luz,3229,Si
385,2018-02-23,556,Otros,9749,No
386,2022-09-21,940,Agua,1840,No
387,2006-04-27,26,Gas,9809,Si
388,2019-02-18,683,Gas,5576,No
389,2024-06-01,353,Agua,1871,No
390,2008-11-07,34,Luz,8322,Si
391,2005-10-06,368,Otros,9045,No
392,2020-03-28,587,Limpieza,8297,No
393,2018-10-07,569,Limpieza,7004,Si
394,2004-06-25,825,Otros,2522,Si
395,2018-01-14,81,Agua,1189,Si
396,2008-11-25,964,Gas,2080,Si
397,2021-05-13,193,Otros,5825,No
398,2023-08-16,104,Luz,1256,Si
399,2021-06-17,769,Gas,6263,Si
400,2008-05-21,587,Luz,7176,No
401,2000-09-25,903,Limpieza,7471,Si
402,2014-03-21,61,Limpieza,5978,No
403,2005-06-01,674,Agua,5706,Si
404,2020-05-08,529,Limpieza,4825,Si
405,2016-09-22,493,Limpieza,5501,No
406,2018-12-12,830,Otros,3118,Si
407,2000-10-18,831,Gas,3991,No
408,2021-06-16,255,Limpieza,3435,No
409,2014-06-07,3,Limpieza,514,No
410,2024-10-31,867,Gas,3961,Si
411,2009-04-30,485,Agua,1230,No
412,2016-05-14,905,Luz,6405,Si
413,2013-03-07,917,Otros,6073,No
414,2021-09-30,395,Limpieza,872,No
415,2024-03-16,459,Gas,233,Si
416,2019-01-29,948,Otros,4774,No
417,2010-05-31,57,Gas,4985,No
418,2009-07-29,809,Luz,8505,No
419,2017-04-03,279,Limpieza,6558,No
420,2015-11-04,872,Agua,2044,No
421,2008-06-06,766,Otros,9567,No
422,2020-07-28,688,Agua,946,No
423,2007-12-27,127,Luz,1036,No
424,2022-07-18,548,Luz,8323,Si
425,2001-04-02,659,Luz,65,No
426,2003-10-10,473,Agua,463,No
427,2012-10-02,224,Gas,7164,Si
428,2012-02-17,847,Agua,1542,No
429,2021-05-28,106,Luz,2937,Si
430,2016-01-08,249,Luz,6438,Si
431,2023-03-06,835,Gas,9826,No
432,2011-06-01,163,Agua,3463,Si
433,2010-02-26,171,Gas,3263,Si
434,2015-04-20,413,Limpieza,312,Si
435,2000-09-08,672,Luz,2056,No
436,2001-06-16,361,Gas,523,Si
437,2008-12-12,495,Otros,5963,No
438,2014-04-08,796,Limpieza,250,Si
439,2009-12-11,634,Gas,4347,No
440,2008-01-23,258,Limpieza,1799,Si
441,2013-10-27,595,Limpieza,1666,Si
442,2021-11-22,7,Limpieza,3131,Si
443,2000-10-03,71,Limpieza,518,Si
444,2006-03-04,539,Gas,7728,No
445,2021-01-11,385,Luz,344,No
446,2006-10-02,945,Limpieza,2380,Si
447,2020-02-05,504,Otros,8848,Si
448,2016-04-03,52,Agua,2745,Si
449,2021-10-27,178,Luz,5428,No
450,2003-04-22,375,Otros,4763,Si
451,2016-10-06,916,Otros,8186,Si
452,2004-09-21,906,Agua,1216,Si
453,2021-06-05,765,Gas,770,Si
454,2003-11-02,836,Limpieza,4606,Si
455,2020-08-11,136,Agua,2002,No
456,2019-04-01,73,Gas,7441,Si
457,2008-12-12,878,Agua,7658,Si
458,2003-02-06,589,Agua,5858,Si
459,2010-04-06,55,Gas,3226,Si
460,2002-06-10,572,Limpieza,1121,No
461,2001-02-17,302,Gas,5737,Si
462,2003-11-26,811,Otros,2312,No
463,2024-07-25,947,Agua,9094,No
464,2007-05-14,454,Limpieza,761,No
465,2005-09-01,672,Limpieza,8204,No
466,2021-10-10,770,Gas,5289,Si
467,2008-06-17,281,Agua,7549,No
468,2008-07-17,270,Limpieza,4586,No
469,2004-11-17,840,Agua,8994,No
470,2001-07-10,110,Luz,5863,No
471,2022-06-28,118,Gas,7793,No
472,2005-02-15,471,Otros,6156,Si
473,2024-03-16,857,Otros,6273,No
474,2023-03-07,349,Otros,9192,Si
475,2020-02-15,838,Luz,7066,Si
476,2023-12-30,839,Agua,603,No
477,2014-10-13,490,Otros,8072,No
478,2010-02-22,626,Limpieza,8892,Si
479,2000-03-16,724,Gas,8050,No
480,2024-11-19,811,Luz,3579,No
481,2004-01-22,333,Luz,1716,No
482,2021-01-14,915,Luz,6030,No
483,2003-07-03,531,Otros,4257,Si
484,2005-01-29,836,Otros,5986,No
485,2007-08-19,589,Limpieza,2141,Si
486,2006-10-07,694,Otros,606,Si
487,2008-02-29,306,Gas,6440,Si
488,2023-10-07,360,Otros,712,Si
489,2003-11-20,807,Gas,641,Si
490,2018-06-06,820,Gas,7063,Si
491,2001-02-17,281,Gas,9943,Si
492,2021-01-06,676,Gas,3727,No
493,2014-07-13,30,Agua,2477,Si
494,2002-08-15,690,Agua,1045,Si
495,2012-07-10,372,Otros,5503,No
496,2021-12-18,265,Otros,6533,Si
497,2003-01-06,176,Luz,7402,Si
498,2022-04-19,117,Limpieza,3562,No
499,2018-04-17,704,Agua,5197,No
500,2005-05-08,209,Gas,8926,Si
501,2005-10-14,285,Luz,5368,No
502,2010-08-03,242,Otros,6080,No
503,2019-12-04,911,Gas,6158,No
504,2006-09-15,255,Luz,9310,Si
505,2022-10-30,825,Luz,7324,Si
506,2017-12-03,539,Agua,5494,No
507,2004-09-12,593,Agua,4727,Si
508,2003-08-15,628,Luz,3605,Si
509,2023-02-20,865,Otros,3397,Si
510,2003-08-27,304,Luz,7020,No
511,2004-05-28,994,Otros,820,No
512,2020-09-13,923,Gas,5463,Si
513,2000-01-29,64,Agua,988,Si
514,2024-11-27,86,Luz,6518,No
515,2023-03-20,244,Limpieza,8118,Si
516,2004-12-02,440,Gas,3385,No
517,2000-08-13,751,Otros,5565,Si
518,2000-06-21,178,Limpieza,4010,Si
519,2022-03-02,104,Gas,1917,No
520,2020-06-16,146,Otros,8529,No
521,2015-08-14,129,Gas,3166,No
522,2024-02-25,240,Luz,8916,No
523,2019-08-24,365,Gas,2091,Si
524,2006-06-29,858,Limpieza,1853,Si
525,2018-11-16,275,Limpieza,1625,Si
526,2002-04-10,107,Gas,2090,Si
527,2008-08-09,246,Otros,939,Si
528,2007-08-29,682,Luz,3528,Si
529,2002-05-17,457,Agua,3492,Si
530,2019-04-23,810,Gas,4447,Si
531,2003-04-09,918,Gas,1125,Si
532,2020-10-12,436,Limpieza,9444,No
533,2011-02-19,236,Gas,7171,Si
534,2006-03-06,446,Agua,1711,No
535,2013-09-17,991,Otros,5408,Si
536,2003-07-14,595,Otros,6002,Si
537,2024-03-19,632,Agua,9861,No
538,2008-09-08,556,Agua,1764,Si
539,2009-07-04,391,Limpieza,84,No
540,2011-06-08,805,Gas,5699,No
541,2005-09-30,750,Agua,3530,No
542,2015-07-28,98,Limpieza,1134,No
543,2016-09-23,519,Otros,8912,Si
544,2005-07-23,245,Luz,2108,Si
545,2005-12-11,589,Limpieza,9220,Si
546,2007-03-02,706,Gas,9601,No
547,2022-09-21,969,Gas,4768,Si
548,2004-12-14,467,Limpieza,5495,No
549,2008-01-28,652,Limpieza,5865,No
550,2023-07-14,156,Limpieza,3015,Si
551,2002-11-18,65,Gas,2092,Si
552,2016-12-10,119,Limpieza,369,Si
553,2004-01-13,246,Luz,5108,Si
554,2012-05-29,535,Gas,70,No
555,2017-02-08,386,Gas,3631,No
556,2017-01-04,852,Luz,8047,Si
557,2007-12-06,116,Limpieza,9021,No
558,2012-01-24,934,Limpieza,9688,No
559,2021-12-22,670,Otros,5634,No
560,2018-05-05,750,Luz,662,Si
561,2001-09-23,410,Agua,8862,No
562,2020-06-04,501,Otros,6911,Si
563,2012-05-12,932,Gas,8613,Si
564,2006-03-18,944,Gas,1320,No
565,2021-06-19,337,Limpieza,129,Si
566,2022-07-20,792,Agua,3514,No
567,2024-09-12,622,Gas,7174,Si
568,2020-05-20,251,Luz,682,Si
569,2006-04-09,97,Agua,7412,No
570,2023-11-08,635,Limpieza,3030,No
571,2007-05-26,151,Luz,7555,No
572,2021-09-07,620,Luz,4011,Si
573,2001-07-01,467,Luz,986,Si
574,2011-05-23,624,Otros,8908,Si
575,2014-11-20,676,Limpieza,3872,No
576,2023-12-03,651,Luz,6181,No
577,2009-09-15,104,Luz,437,No
578,2015-01-28,689,Gas,3867,Si
579,2006-12-02,724,Otros,7138,Si
580,2021-10-02,603,Limpieza,4336,Si
581,2024-05-14,406,Limpieza,4443,No
582,2017-01-29,599,Gas,540,Si
583,2007-09-20,182,Luz,5263,Si
584,2003-11-27,151,Otros,9875,Si
585,2023-04-22,325,Agua,5778,No
586,2021-04-29,966,Otros,9543,Si
587,2023-06-22,927,Gas,9335,No
588,2015-06-29,772,Otros,6857,Si
589,2003-07-11,91,Luz,984,No
590,2013-11-29,960,Otros,4180,Si
591,2023-03-27,166,Gas,1109,No
592,2013-06-01,884,Otros,1222,Si
593,2009-02-11,211,Gas,5580,No
594,2021-03-11,232,Agua,1250,No
595,2014-09-20,209,Limpieza,3330,Si
596,2020-05-23,582,Agua,4892,No
597,2019-08-31,341,Gas,7789,Si
598,2010-11-15,468,Gas,7507,Si
599,2006-11-30,555,Limpieza,9418,No
600,2021-07-15,188,Otros,9659,Si
601,2011-05-16,930,Otros,7773,Si
602,2003-05-31,65,Agua,6811,No
603,2007-11-10,471,Luz,9136,No
604,2006-08-13,33,Otros,9606,Si
605,2008-12-09,812,Otros,4749,No
606,2021-06-09,865,Gas,859,Si
607,2011-09-05,325,Gas,8833,No
608,2000-07-21,529,Gas,3824,Si
609,2023-01-13,650,Limpieza,3459,Si
610,2005-05-18,185,Luz,6472,Si
611,2021-06-09,388,Luz,4089,No
612,2018-03-04,111,Limpieza,6329,Si
613,2018-10-21,300,Agua,2196,Si
614,2022-06-01,944,Luz,7944,Si
615,2001-09-30,934,Otros,177,Si
616,2012-05-30,315,Limpieza,9719,No
617,2015-04-24,768,Gas,7160,Si
618,2024-05-26,301,Agua,6857,Si
619,2005-05-01,940,Limpieza,2391,Si
620,2015-11-12,969,Limpieza,3526,No
621,2021-05-07,352,Gas,1374,Si
622,2004-12-13,628,Otros,5811,Si
623,2022-04-08,130,Otros,3835,Si
624,2016-03-05,283,Luz,5476,Si
625,2007-12-22,259,Limpieza,5755,Si
626,2018-07-03,260,Gas,9578,No
627,2023-07-07,897,Luz,9445,No
628,2008-06-20,12,Luz,618,Si
629,2008-02-28,801,Gas,7409,No
630,2001-09-07,356,Agua,1688,No
631,2004-05-04,589,Otros,2742,No
632,2023-06-28,780,Luz,3910,No
633,2009-06-28,611,Luz,2282,Si
634,2003-02-07,481,Gas,8348,Si
635,2010-01-22,388,Limpieza,3807,No
636,2009-05-28,335,Luz,2728,Si
637,2016-06-05,924,Gas,4620,No
638,2024-04-14,968,Luz,364,No
639,2006-04-16,526,Otros,1477,Si
640,2012-05-03,669,Luz,7924,No
641,2004-11-21,567,Luz,7060,No
642,2016-02-29,165,Limpieza,5144,Si
643,2010-06-07,395,Agua,5067,No
644,2004-06-15,915,Limpieza,1923,No
645,2003-05-12,613,Otros,3105,No
646,2011-01-24,356,Gas,4429,No
647,2018-07-17,515,Agua,5997,Si
648,2024-08-31,327,Otros,3652,No
649,2007-05-07,939,Agua,6563,No
650,2015-12-28,730,Gas,6497,No
651,2007-06-21,13,Agua,4045,No
652,2018-12-31,816,Gas,2766,Si
653,2007-02-21,983,Limpieza,8481,No
654,2024-09-08,743,Gas,1626,Si
655,2015-05-13,279,Gas,9145,No
656,2008-08-16,778,Limpieza,4684,No
657,2020-03-19,683,Agua,3350,Si
658,2018-06-21,45,Limpieza,1784,No
659,2004-06-03,580,Luz,8063,No
660,2010-02-28,331,Limpieza,551,No
661,2001-02-13,158,Agua,8273,Si
662,2008-01-16,845,Luz,9369,No
663,2010-03-29,868,Gas,2975,No
664,2023-12-23,134,Otros,5847,No
665,2022-03-11,537,Otros,7742,Si
666,2021-05-16,816,Gas,3118,No
667,2023-11-05,918,Luz,3591,Si
668,2009-11-14,448,Luz,5123,Si
669,2007-11-28,363,Agua,5666,Si
670,2011-09-21,825,Agua,9931,Si
671,2005-11-05,352,Limpieza,8566,Si
672,2010-01-08,633,Limpieza,6276,No
673,2020-03-20,887,Limpieza,802,No
674,2023-06-27,481,Agua,6849,No
675,2016-02-02,129,Agua,3521,No
676,2001-07-26,300,Agua,1582,Si
677,2019-07-01,764,Otros,9185,Si
678,2008-06-07,582,Gas,7746,Si
679,2011-10-03,979,Limpieza,4175,Si
680,2013-02-19,875,Gas,4054,No
681,2016-04-27,334,Otros,488,No
682,2002-06-23,222,Luz,9095,No
683,2020-02-15,757,Luz,1906,Si
684,2024-08-21,436,Limpieza,5363,Si
685,2000-04-11,343,Agua,2996,Si
686,2008-01-20,79,Agua,7935,Si
687,2014-01-23,141,Otros,7447,Si
688,2021-03-27,524,Limpieza,8399,Si
689,2000-09-28,500,Otros,938,No
690,2015-04-30,734,Limpieza,9798,No
691,2007-02-03,529,Luz,2209,Si
692,2002-10-28,645,Limpieza,7499,Si
693,2002-04-12,994,Limpieza,1918,Si
694,2010-05-02,813,Agua,6353,Si
695,2011-07-10,420,Otros,8,No
696,2008-06-23,176,Otros,3126,Si
697,2003-07-28,382,Luz,4221,Si
698,2018-02-16,948,Otros,7741,No
699,2005-10-13,272,Gas,3157,Si
700,2007-06-22,747,Gas,4703,Si
701,2002-04-08,899,Luz,369,Si
702,2015-09-29,778,Luz,5400,Si
703,2012-09-25,33,Limpieza,2412,Si
704,2016-09-10,477,Luz,3366,No
705,2021-12-13,378,Luz,6131,No
706,2017-11-21,934,Otros,4218,No
707,2020-06-19,361,Agua,233,No
708,2012-09-23,253,Luz,739,Si
709,2024-02-29,672,Gas,5230,Si
710,2007-08-28,693,Limpieza,4704,Si
711,2017-02-01,384,Limpieza,9758,No
712,2022-09-02,769,Agua,6990,No
713,2014-07-29,490,Luz,1863,Si
714,2011-03-06,481,Luz,3940,Si
715,2003-04-16,203,Agua,4509,No
716,2009-12-11,95,Otros,3107,No
717,2016-01-31,977,Otros,2188,No
718,2006-06-25,155,Luz,1627,No
719,2022-10-13,748,Otros,5808,No
720,2012-09-06,485,Limpieza,2038,Si
721,2018-05-13,106,Otros,2759,Si
722,2001-02-18,497,Limpieza,879,No
723,2001-09-24,605,Otros,5546,Si
724,2005-08-17,920,Gas,3565,No
725,2020-01-08,336,Otros,9467,Si
726,2010-04-24,692,Limpieza,6846,Si
727,2024-05-04,974,Limpieza,9771,No
728,2013-10-30,376,Luz,4103,Si
729,2020-10-14,425,Agua,6508,Si
730,2011-06-06,305,Gas,8820,No
731,2019-08-14,326,Luz,6594,Si
732,2023-02-28,712,Limpieza,6835,Si
733,2008-01-26,218,Limpieza,9418,No
734,2024-12-26,216,Limpieza,9376,No
735,2017-03-02,257,Agua,3192,No
736,2023-06-07,572,Agua,1323,Si
737,2009-06-27,919,Agua,6225,No
738,2012-04-29,950,Otros,3060,No
739,2001-01-25,252,Otros,2672,No
740,2006-11-29,534,Agua,6166,No
741,2000-08-27,128,Gas,5713,No
742,2001-12-28,798,Agua,9762,No
743,2002-02-03,415,Limpieza,4545,Si
744,2001-06-21,360,Agua,3555,No
745,2019-12-07,436,Luz,3928,Si
746,2005-10-30,941,Otros,8412,No
747,2004-12-18,296,Luz,8419,Si
748,2000-07-27,8,Gas,7413,Si
749,2015-05-03,145,Luz,6280,No
750,2021-04-21,693,Agua,9592,Si
751,2010-06-28,47,Agua,9982,Si
752,2007-12-21,793,Luz,5795,Si
753,2007-05-29,854,Agua,4536,No
754,2021-08-08,357,Luz,689,No
755,2007-08-31,479,Agua,3475,Si
756,2001-09-06,295,Limpieza,5938,No
757,2000-02-18,568,Otros,4123,No
758,2001-09-10,504,Agua,2256,No
759,2012-02-11,556,Limpieza,5305,Si
760,2008-11-16,728,Gas,3110,No
761,2011-10-28,726,Luz,4342,Si
762,2009-01-29,188,Luz,5358,No
763,2023-08-14,571,Limpieza,7283,No
764,2012-01-03,707,Limpieza,5939,No
765,2023-12-03,93,Otros,3701,Si
766,2021-05-22,407,Luz,8374,No
767,2009-08-23,558,Luz,619,No
768,2018-12-26,235,Otros,7283,No
769,2014-10-27,973,Gas,7213,Si
770,2001-09-27,385,Otros,551,Si
771,2017-01-07,839,Agua,1887,No
772,2021-05-12,936,Agua,4499,Si
773,2013-03-18,16,Agua,8969,Si
774,2017-07-17,802,Agua,8744,Si
775,2022-04-24,157,Luz,9771,Si
776,2013-05-11,928,Limpieza,9203,Si
777,2014-08-15,18,Gas,9514,No
778,2012-05-09,589,Luz,891,No
779,2017-05-26,392,Gas,7499,No
780,2006-01-08,686,Otros,2604,No
781,2000-05-27,625,Otros,6517,Si
782,2001-09-16,77,Luz,7494,No
783,2010-02-22,905,Luz,3442,No
784,2020-01-07,141,Otros,3698,Si
785,2020-08-16,909,Gas,1006,No
786,2012-07-11,225,Luz,3761,Si
787,2019-09-16,924,Agua,4668,Si
788,2003-11-06,297,Otros,9984,No
789,2019-12-16,255,Otros,4597,Si
790,2013-02-09,925,Luz,3181,No
791,2007-07-25,491,Agua,7261,No
792,2017-02-28,529,Luz,6053,No
793,2012-02-03,157,Luz,4577,No
794,2024-04-22,269,Limpieza,247,No
795,2007-06-21,842,Luz,1485,No
796,2008-12-04,17,Gas,1742,No
797,2014-02-12,146,Limpieza,5146,Si
798,2008-03-10,460,Luz,4131,Si
799,2023-06-09,422,Limpieza,5709,Si
800,2022-03-01,279,Luz,3311,Si
801,2002-04-13,107,Agua,1522,No
802,2011-10-31,859,Limpieza,8008,No
803,2014-09-24,232,Limpieza,1543,No
804,2018-05-11,666,Limpieza,8752,Si
805,2003-11-13,855,Otros,5543,No
806,2022-06-22,108,Limpieza,2313,No
807,2010-10-08,579,Limpieza,6094,Si
808,2023-10-09,374,Limpieza,1290,No
809,2018-05-12,581,Luz,1900,Si
810,2024-06-30,136,Limpieza,1711,No
811,2018-04-13,242,Agua,1934,No
812,2021-06-25,233,Agua,6060,Si
813,2010-02-18,982,Otros,3233,Si
814,2017-12-06,805,Limpieza,5835,Si
815,2018-08-30,288,Gas,342,No
816,2024-09-19,383,Otros,9312,No
817,2011-04-14,804,Agua,8451,No
818,2009-09-05,791,Agua,4975,No
819,2023-07-11,895,Agua,50,Si
820,2020-09-25,235,Limpieza,4459,Si
821,2021-08-21,617,Gas,2954,Si
822,2022-06-06,51,Luz,105,Si
823,2011-11-23,2,Gas,8761,No
824,2021-12-31,550,Limpieza,3973,Si
825,2019-11-07,738,Limpieza,329,No
826,2005-04-21,865,Gas,8601,No
827,2005-06-29,756,Luz,9353,Si
828,2010-04-26,496,Limpieza,6128,Si
829,2015-04-12,624,Agua,4269,No
830,2007-09-24,697,Gas,392,No
831,2024-07-13,61,Otros,5427,No
832,2016-04-25,798,Otros,751,No
833,2014-08-06,955,Agua,677,No
834,2001-04-19,850,Otros,772,No
835,2022-02-02,781,Gas,4183,Si
836,2024-08-16,853,Agua,3230,No
837,2015-10-21,643,Agua,3342,Si
838,2018-04-03,40,Limpieza,8553,No
839,2012-05-24,822,Gas,1699,No
840,2023-10-10,974,Limpieza,9864,Si
841,2003-11-26,99,Otros,6659,Si
842,2021-08-26,735,Limpieza,2492,Si
843,2021-08-15,139,Otros,1009,Si
844,2013-01-17,691,Gas,8963,Si
845,2007-11-03,968,Luz,1396,No
846,2006-02-26,477,Otros,3021,Si
847,2008-10-21,419,Limpieza,1326,No
848,2010-03-24,125,Agua,5013,Si
849,2021-06-11,964,Limpieza,9625,Si
850,2021-05-10,866,Luz,9327,Si
851,2009-09-27,522,Agua,7754,No
852,2013-04-25,144,Otros,1394,No
853,2013-09-15,432,Luz,5307,Si
854,2009-06-01,126,Luz,2663,Si
855,2005-11-26,398,Limpieza,3030,No
856,2023-03-22,222,Otros,1136,Si
857,2006-07-14,365,Luz,9554,No
858,2008-10-10,999,Limpieza,8344,No
859,2007-04-17,995,Otros,1831,No
860,2007-03-29,633,Luz,9058,Si
861,2015-03-14,958,Limpieza,367,No
862,2014-09-30,467,Otros,6547,Si
863,2012-04-13,381,Gas,9917,No
864,2006-07-28,926,Limpieza,3619,No
865,2002-10-09,975,Limpieza,1863,No
866,2024-11-17,793,Limpieza,5297,No
867,2005-08-01,43,Limpieza,5640,Si
868,2005-12-12,282,Agua,6069,No
869,2015-02-06,774,Limpieza,9351,No
870,2013-07-23,450,Agua,8262,Si
871,2015-05-28,73,Agua,8834,Si
872,2007-07-14,575,Limpieza,5552,Si
873,2005-02-02,115,Luz,4273,Si
874,2018-12-29,908,Gas,516,No
875,2004-07-01,984,Limpieza,5459,Si
876,2024-12-07,80,Otros,7842,No
877,2000-08-14,865,Otros,6022,No
878,2013-01-31,967,Agua,491,Si
879,2018-03-03,28,Luz,7554,Si
880,2013-07-16,71,Limpieza,3801,No
881,2010-12-19,106,Gas,3026,Si
882,2000-07-14,997,Luz,7727,No
883,2012-05-06,76,Otros,7637,Si
884,2014-12-22,521,Otros,8873,No
885,2008-08-31,285,Otros,3735,Si
886,2002-01-19,589,Gas,9621,Si
887,2019-03-10,667,Otros,9047,Si
888,2010-01-03,519,Agua,2616,No
889,2011-05-22,488,Agua,6566,No
890,2002-05-12,983,Luz,1869,No
891,2008-06-13,350,Agua,3418,Si
892,2020-07-21,766,Limpieza,3948,No
893,2010-07-25,316,Gas,7760,Si
894,2012-12-21,968,Gas,8568,No
895,2020-06-04,152,Otros,1885,Si
896,2017-04-24,998,Luz,521,No
897,2013-11-10,970,Luz,6477,No
898,2001-10-22,74,Otros,4992,Si
899,2006-04-29,332,Agua,2112,No
900,2019-11-13,13,Gas,3604,Si
901,2017-06-10,22,Luz,4312,Si
902,2019-04-23,661,Otros,9298,Si
903,2004-03-21,459,Limpieza,4715,Si
904,2013-01-04,652,Agua,4940,No
905,2019-08-21,724,Otros,4109,No
906,2010-02-18,791,Agua,7136,Si
907,2009-03-15,379,Luz,2723,Si
908,2001-10-30,801,Otros,2435,Si
909,2002-10-14,386,Limpieza,1543,Si
910,2000-02-19,426,Otros,5411,Si
911,2021-10-08,637,Otros,4474,No
912,2006-08-05,644,Luz,608,Si
913,2011-02-11,746,Gas,328,Si
914,2017-09-21,418,Gas,3737,Si
915,2008-08-08,547,Limpieza,6406,Si
916,2000-05-18,678,Otros,9271,No
917,2022-08-25,245,Limpieza,9242,No
918,2000-07-19,877,Agua,3456,No
919,2023-06-29,213,Otros,3267,No
920,2013-12-22,928,Limpieza,8318,Si
921,2005-06-21,634,Luz,1728,No
922,2016-03-18,861,Otros,7089,No
923,2022-09-11,68,Gas,1134,No
924,2006-06-17,470,Otros,8344,Si
925,2006-02-22,289,Limpieza,8512,No
926,2002-01-01,47,Otros,7752,No
927,2010-11-20,727,Limpieza,5749,Si
928,2024-09-06,13,Gas,7436,No
929,2008-09-22,840,Limpieza,961,Si
930,2010-03-27,805,Otros,2556,No
931,2014-02-21,506,Agua,7604,Si
932,2016-03-04,317,Luz,5630,Si
933,2017-08-27,501,Gas,2000,No
934,2019-05-08,951,Luz,6932,No
935,2009-09-28,106,Luz,87,No
936,2017-04-18,240,Luz,8560,No
937,2020-07-20,827,Gas,3273,Si
938,2011-03-30,296,Limpieza,1895,No
939,2014-04-03,803,Agua,6033,Si
940,2021-09-16,733,Otros,5067,Si
941,2014-09-24,554,Limpieza,3602,No
942,2022-11-08,996,Gas,3871,Si
943,2008-04-02,515,Luz,5353,Si
944,2016-03-17,899,Luz,3704,Si
945,2024-04-08,158,Luz,7323,Si
946,2021-07-31,326,Limpieza,1804,No
947,2010-08-29,806,Luz,5580,No
948,2002-12-30,6,Limpieza,6699,Si
949,2009-11-13,547,Gas,1913,No
950,2006-01-26,416,Limpieza,1138,No
951,2004-04-29,810,Limpieza,9033,Si
952,2019-03-26,894,Luz,3076,No
953,2022-12-26,35,Limpieza,9275,No
954,2024-06-26,136,Otros,110,No
955,2010-08-19,302,Limpieza,1822,Si
956,2003-03-11,405,Agua,3465,Si
957,2009-03-10,690,Otros,3397,No
958,2004-06-07,219,Limpieza,1113,Si
959,2015-07-01,754,Luz,2603,Si
960,2020-08-18,511,Agua,6176,No
961,2006-12-30,272,Luz,8791,No
962,2018-05-12,859,Limpieza,7267,No
963,2022-10-02,717,Otros,9129,No
964,2016-01-29,233,Limpieza,3555,No
965,2005-12-19,309,Agua,3563,Si
966,2012-07-14,752,Gas,7805,No
967,2017-04-23,482,Luz,8521,No
968,2016-05-07,664,Limpieza,3344,Si
969,2000-06-23,368,Gas,9150,No
970,2014-11-23,544,Luz,1690,No
971,2012-11-29,333,Gas,592,Si
972,2017-10-11,626,Gas,163,No
973,2014-01-14,362,Limpieza,1949,No
974,2024-05-17,106,Luz,4921,Si
975,2023-09-23,606,Gas,5413,No
976,2012-03-08,522,Agua,8109,No
977,2006-04-04,904,Limpieza,3708,No
978,2018-04-11,338,Otros,6727,Si
979,2012-11-05,954,Luz,5524,Si
980,2006-06-30,700,Gas,5498,No
981,2009-09-28,914,Gas,7079,No
982,2003-04-30,870,Limpieza,324,Si
983,2016-09-01,218,Agua,5758,No
984,2022-02-27,61,Gas,4063,Si
985,2010-11-15,144,Limpieza,4191,No
986,2011-10-19,523,Limpieza,6491,Si
987,2007-09-28,807,Luz,1381,No
988,2002-04-14,487,Limpieza,1874,No
989,2014-08-08,134,Otros,7934,Si
990,2001-02-26,143,Otros,1858,No
991,2023-10-21,438,Otros,566,Si
992,2024-12-27,696,Otros,674,Si
993,2006-01-23,973,Agua,7610,Si
994,2019-09-21,862,Agua,3437,No
995,2011-02-02,958,Gas,491,No
996,2008-11-01,972,Limpieza,2629,No
997,2010-07-01,808,Luz,3929,No
998,2017-12-12,666,Limpieza,8502,No
999,2005-01-02,521,Limpieza,9658,Si
1000,2021-03-29,978,Gas,8669,Si
1001,2006-02-27,269,Otros,948,No
1002,2009-04-24,433,Limpieza,5214,Si
1003,2021-11-05,934,Otros,78,No
1004,2022-05-18,388,Otros,6456,No
1005,2009-01-27,229,Luz,6462,No
1006,2002-10-12,976,Gas,6109,Si
1007,2015-11-16,415,Luz,4918,No
1008,2000-02-03,290,Gas,262,Si
1009,2013-04-06,825,Limpieza,6028,Si
1010,2005-07-17,933,Otros,7307,No
1011,2023-11-27,92,Limpieza,4172,Si
1012,2006-02-07,801,Otros,8055,Si
1013,2001-05-27,9,Luz,1875,Si
1014,2001-08-04,234,Gas,5134,Si
1015,2016-08-05,685,Otros,2914,Si
1016,2009-07-08,304,Otros,8184,No
1017,2009-01-29,117,Agua,8297,Si
1018,2022-02-04,857,Luz,9290,Si
1019,2005-12-05,543,Otros,2718,Si
1020,2011-02-22,671,Otros,3870,Si
1021,2016-11-13,237,Limpieza,2775,Si
1022,2010-03-07,14,Limpieza,940,Si
1023,2015-04-02,545,Otros,6351,Si
1024,2005-12-08,221,Otros,3314,No
1025,2022-03-02,66,Agua,4399,No
1026,2003-06-21,802,Agua,2302,Si
1027,2006-05-21,435,Agua,2468,Si
1028,2015-09-15,803,Luz,9516,No
1029,2016-06-23,514,Gas,1766,No
1030,2022-01-18,322,Gas,8069,No
1031,2004-09-03,604,Agua,8903,No
1032,2005-05-02,850,Otros,7306,Si
1033,2019-11-04,576,Otros,219,Si
1034,2000-11-14,624,Gas,2033,No
1035,2005-07-17,737,Agua,6516,Si
1036,2006-06-23,942,Limpieza,1162,Si
1037,2004-11-24,620,Agua,8794,Si
1038,2022-06-18,899,Luz,9189,No
1039,2019-05-19,968,Agua,363,No
1040,2024-08-30,591,Gas,8517,No
1041,2009-12-07,951,Agua,1209,Si
1042,2002-09-23,652,Luz,7480,Si
1043,2018-02-11,62,Luz,6437,No
1044,2006-05-07,164,Gas,3967,No
1045,2005-04-25,268,Gas,5659,No
1046,2017-01-10,954,Luz,5981,No
1047,2007-11-24,731,Limpieza,4963,Si
1048,2003-04-12,649,Limpieza,6241,No
1049,2008-12-06,207,Gas,6553,Si
1050,2010-01-07,506,Otros,3608,Si
1051,2009-07-03,11,Gas,671,Si
1052,2018-11-07,94,Agua,4656,No
1053,2024-02-19,657,Limpieza,2670,No
1054,2016-12-28,267,Luz,1347,Si
1055,2020-03-29,696,Otros,2209,Si
1056,2001-09-03,62,Gas,3483,Si
1057,2017-08-13,940,Limpieza,4607,Si
1058,2009-10-27,728,Otros,4418,No
1059,2010-04-03,802,Limpieza,3475,No
1060,2021-03-13,791,Limpieza,9040,No
1061,2003-12-02,804,Luz,8395,No
1062,2022-09-20,563,Otros,7334,Si
1063,2008-07-03,317,Luz,7686,No
1064,2024-11-30,856,Otros,597,No
1065,2001-10-13,380,Limpieza,4725,Si
1066,2004-03-05,147,Luz,2558,Si
1067,2021-12-26,462,Gas,7607,Si
1068,2000-06-28,966,Luz,6960,No
1069,2017-07-11,78,Otros,8722,No
1070,2024-08-11,772,Gas,3590,No
1071,2023-10-25,109,Limpieza,1186,Si
1072,2005-04-26,202,Limpieza,1281,No
1073,2013-09-02,492,Otros,75,No
1074,2003-10-31,623,Otros,4529,No
1075,2009-03-04,444,Agua,7939,Si
1076,2009-01-04,217,Limpieza,2623,Si
1077,2021-02-27,63,Gas,7265,No
1078,2017-10-26,536,Otros,7457,Si
1079,2004-10-28,112,Gas,2111,No
1080,2019-08-14,69,Gas,9416,No
1081,2017-04-03,930,Agua,8228,No
1082,2012-07-12,508,Luz,1171,No
1083,2023-07-31,150,Gas,9851,No
1084,2002-07-16,752,Luz,9531,No
1085,2016-08-27,664,Luz,1616,Si
1086,2009-08-02,89,Agua,2336,Si
1087,2007-03-06,230,Limpieza,9176,Si
1088,2001-07-04,124,Agua,371,No
1089,2001-04-07,654,Limpieza,8596,Si
1090,2021-11-16,891,Otros,4471,No
1091,2011-07-22,338,Otros,9884,No
1092,2010-05-06,11,Limpieza,6194,Si
1093,2004-04-25,655,Limpieza,8650,No
1094,2018-06-17,243,Luz,9622,No
1095,2020-03-20,302,Limpieza,6142,No
1096,2016-11-11,172,Agua,762,No
1097,2006-03-23,407,Limpieza,9454,Si
1098,2022-08-06,352,Luz,7121,Si
1099,2012-01-03,313,Otros,2581,Si
1100,2023-03-22,628,Limpieza,2300,No
1101,2014-05-18,605,Gas,1713,Si
1102,2000-10-19,39,Otros,7192,No
1103,2019-01-12,452,Otros,7113,Si
1104,2022-07-05,112,Agua,2122,Si
1105,2020-10-06,148,Luz,7578,Si
1106,2001-12-16,131,Luz,3551,Si
1107,2011-03-29,508,Limpieza,4276,No
1108,2010-03-21,668,Limpieza,167,No
1109,2023-08-09,385,Luz,1203,Si
1110,2016-05-06,283,Luz,7073,Si
1111,2002-06-15,912,Luz,4384,Si
1112,2016-05-08,896,Gas,2141,Si
1113,2006-07-30,421,Agua,1892,Si
1114,2009-05-11,196,Otros,1754,Si
1115,2007-03-13,613,Limpieza,8896,Si
1116,2023-10-25,516,Limpieza,6619,No
1117,2012-02-21,960,Agua,3213,Si
1118,2008-02-13,838,Limpieza,7560,No
1119,2011-07-20,425,Limpieza,8680,Si
1120,2021-11-02,671,Gas,9294,Si
1121,2011-04-03,914,Gas,1897,No
1122,2018-03-15,914,Limpieza,5686,Si
1123,2004-12-26,859,Limpieza,3667,No
1124,2008-04-26,70,Limpieza,3924,Si
1125,2013-05-19,51,Luz,223,Si
1126,2000-03-31,833,Agua,2661,Si
1127,2012-12-27,765,Luz,9681,Si
1128,2018-09-16,870,Limpieza,1693,Si
1129,2010-01-10,709,Agua,4552,No
1130,2015-12-08,632,Gas,9534,No
1131,2001-04-20,912,Otros,4705,No
1132,2008-03-27,99,Otros,5828,No
1133,2018-07-28,171,Gas,792,No
1134,2015-05-12,361,Gas,9678,Si
1135,2023-05-05,915,Agua,7550,Si
1136,2005-09-02,40,Gas,3145,No
1137,2006-04-16,107,Luz,280,Si
1138,2022-12-25,295,Agua,3681,No
1139,2006-05-30,465,Gas,7017,No
1140,2002-01-26,203,Otros,1907,No
1141,2017-08-02,15,Luz,7729,No
1142,2003-08-04,316,Limpieza,5337,No
1143,2015-06-23,916,Luz,1106,Si
1144,2007-11-23,926,Otros,8101,No
1145,2002-07-17,31,Limpieza,9862,No
1146,2012-08-24,909,Limpieza,2910,No
1147,2012-06-12,173,Limpieza,6807,No
1148,2021-08-09,724,Gas,4575,No
1149,2011-04-23,792,Agua,240,Si
1150,2009-04-18,777,Otros,1712,No
1151,2016-10-26,386,Otros,9271,No
1152,2003-04-23,469,Limpieza,7121,No
1153,2019-08-12,137,Agua,1119,No
1154,2003-03-01,918,Luz,5934,No
1155,2004-05-12,555,Luz,8179,No
1156,2005-10-08,216,Gas,1305,No
1157,2018-01-22,292,Otros,7499,Si
1158,2018-08-02,742,Limpieza,8053,Si
1159,2001-11-11,297,Otros,7161,No
1160,2021-10-12,453,Luz,6150,No
1161,2018-11-29,864,Luz,4863,No
1162,2020-03-02,530,Gas,41,No
1163,2001-10-22,982,Limpieza,413,Si
1164,2012-04-27,494,Gas,4303,Si
1165,2017-05-15,283,Otros,4262,No
1166,2006-11-11,463,Otros,6352,Si
1167,2011-08-08,128,Limpieza,7,Si
1168,2015-12-07,839,Luz,603,No
1169,2010-10-15,737,Agua,5421,No
1170,2001-03-17,33,Gas,2107,Si
1171,2020-12-15,667,Agua,8733,Si
1172,2013-09-16,622,Gas,4803,Si
1173,2002-04-04,726,Agua,4034,Si
1174,2011-01-13,472,Gas,324,No
1175,2008-03-19,283,Agua,5793,No
1176,2000-12-03,695,Otros,3664,Si
1177,2005-05-15,624,Gas,4974,No
1178,2012-10-12,718,Limpieza,2428,No
1179,2006-01-12,97,Limpieza,7923,Si
1180,2006-11-10,334,Limpieza,5032,No
1181,2007-03-17,239,Otros,3021,No
1182,2000-03-20,994,Luz,940,No
1183,2000-06-15,115,Luz,6718,Si
1184,2004-05-11,565,Limpieza,7832,No
1185,2021-09-14,385,Luz,8567,No
1186,2020-07-01,122,Otros,3543,Si
1187,2012-05-20,91,Luz,2043,No
1188,2004-01-25,716,Otros,6945,Si
1189,2011-07-29,32,Limpieza,814,Si
1190,2009-08-03,909,Luz,3858,No
1191,2007-05-29,106,Otros,5504,Si
1192,2013-12-16,837,Limpieza,8433,Si
1193,2021-08-13,240,Luz,3140,Si
1194,2018-10-30,415,Limpieza,4080,No
1195,2010-02-03,839,Gas,9692,No
1196,2008-05-08,874,Agua,2757,Si
1197,2023-01-24,842,Gas,5011,No
1198,2021-05-18,561,Gas,7405,No
1199,2022-12-04,254,Agua,1515,Si
1200,2016-03-13,498,Gas,8493,Si
1201,2002-08-08,819,Agua,7968,Si
1202,2003-07-01,371,Luz,3904,Si
1203,2000-03-28,1000,Otros,73,No
1204,2016-01-10,312,Otros,837,No
1205,2010-12-21,437,Otros,1170,No
1206,2005-12-23,402,Otros,9765,Si
1207,2016-04-17,373,Luz,8191,Si
1208,2003-09-18,203,Luz,8558,No
1209,2024-01-25,16,Gas,6599,Si
1210,2019-08-31,157,Agua,5369,No
1211,2003-12-09,263,Agua,3442,No
1212,2024-01-04,775,Otros,7393,No
1213,2017-06-24,71,Otros,833,No
1214,2010-05-21,880,Otros,8403,Si
1215,2010-01-13,302,Agua,7239,No
1216,2000-02-28,489,Limpieza,8208,Si
1217,2003-12-25,627,Otros,4307,No
1218,2009-03-08,954,Otros,1542,Si
1219,2012-06-08,316,Gas,5403,No
1220,2018-05-08,999,Otros,9067,Si
1221,2007-12-29,888,Gas,903,Si
1222,2021-11-04,479,Limpieza,6336,Si
1223,2000-09-29,962,Agua,7809,No
1224,2013-11-08,802,Gas,2005,No
1225,2006-03-19,830,Limpieza,2937,No
1226,2018-06-17,512,Otros,976,No
1227,2003-02-04,799,Agua,7823,Si
1228,2015-11-05,544,Agua,4546,No
1229,2022-01-28,83,Otros,7643,Si
1230,2014-11-23,678,Luz,9137,No
1231,2019-11-01,98,Agua,3598,Si
1232,2012-10-10,357,Agua,3048,Si
1233,2007-04-20,390,Luz,5670,Si
1234,2014-03-21,10,Gas,1368,Si
1235,2014-06-22,445,Luz,5529,No
1236,2007-04-18,807,Gas,2579,No
1237,2005-03-26,126,Agua,354,Si
1238,2008-04-20,240,Otros,7928,Si
1239,2004-11-02,858,Otros,2344,No
1240,2020-07-11,203,Gas,3069,No
1241,2017-11-04,334,Limpieza,328,Si
1242,2016-09-20,580,Gas,4891,Si
1243,2015-07-19,732,Gas,4250,No
1244,2004-01-22,907,Luz,7197,Si
1245,2001-12-17,165,Gas,8685,Si
1246,2019-07-26,542,Limpieza,2334,No
1247,2007-07-29,679,Agua,5481,No
1248,2002-06-10,992,Luz,6842,Si
1249,2004-03-31,830,Otros,9881,Si
1250,2002-04-13,523,Limpieza,6557,Si
1251,2006-09-23,249,Luz,5326,No
1252,2005-10-01,603,Otros,3574,Si
1253,2010-10-16,535,Limpieza,4484,No
1254,2005-12-28,812,Otros,9132,Si
1255,2020-06-19,184,Otros,6501,No
1256,2021-10-27,392,Luz,1618,No
1257,2003-06-26,464,Limpieza,8435,No
1258,2015-03-22,5,Agua,2113,Si
1259,2022-09-07,713,Luz,902,Si
1260,2015-08-03,142,Otros,9505,Si
1261,2007-04-13,169,Gas,3527,Si
1262,2024-11-05,539,Agua,1589,Si
1263,2022-07-26,858,Luz,6914,Si
1264,2009-09-27,103,Luz,2410,Si
1265,2001-08-21,559,Gas,5821,Si
1266,2017-04-20,573,Gas,2596,Si
1267,2018-01-31,923,Limpieza,7407,Si
1268,2004-06-28,292,Luz,3462,Si
1269,2005-04-04,584,Otros,5691,No
1270,2007-09-13,100,Gas,2847,No
1271,2010-01-05,499,Gas,5902,Si
1272,2003-12-26,727,Otros,7173,Si
1273,2008-11-07,894,Limpieza,1405,Si
1274,2012-02-19,166,Gas,4643,Si
1275,2004-03-10,765,Luz,7302,No
1276,2016-09-15,326,Otros,5344,Si
1277,2013-08-31,515,Limpieza,3884,No
1278,2008-02-08,511,Limpieza,1098,No
1279,2017-03-15,999,Otros,7101,No
1280,2017-11-24,733,Limpieza,6367,No
1281,2011-12-25,141,Luz,142,No
1282,2024-12-15,392,Luz,3755,Si
1283,2012-09-08,434,Limpieza,4928,Si
1284,2022-04-09,86,Agua,9861,No
1285,2014-12-03,163,Luz,1887,Si
1286,2024-04-18,470,Agua,8706,No
1287,2022-10-08,675,Limpieza,5325,Si
1288,2021-10-16,300,Luz,3547,No
1289,2013-03-22,568,Limpieza,4474,Si
1290,2018-07-16,338,Gas,2409,Si
1291,2008-04-08,327,Otros,3292,No
1292,2004-10-05,588,Gas,2665,No
1293,2012-04-04,752,Luz,3541,No
1294,2010-04-09,984,Agua,8339,Si
1295,2011-08-27,515,Gas,8282,Si
1296,2007-04-22,440,Agua,8588,No
1297,2004-02-25,277,Luz,5043,Si
1298,2018-12-12,362,Otros,7454,Si
1299,2004-01-03,168,Luz,3740,Si
1300,2011-12-13,771,Limpieza,1841,Si
1301,2024-04-22,832,Limpieza,6301,No
1302,2015-12-23,928,Otros,1867,No
1303,2020-07-09,870,Gas,927,No
1304,2017-06-03,484,Limpieza,9654,Si
1305,2023-05-01,108,Gas,6044,No
1306,2016-06-17,99,Agua,5745,Si
1307,2005-11-30,527,Gas,8149,Si
1308,2003-03-12,937,Otros,5834,No
1309,2010-09-06,948,Agua,2420,No
1310,2004-05-04,149,Otros,2361,No
1311,2021-07-22,450,Otros,9972,Si
1312,2010-06-05,723,Limpieza,7712,No
1313,2001-04-25,385,Agua,5605,No
1314,2024-11-03,493,Otros,3667,No
1315,2022-05-19,395,Agua,5423,No
1316,2007-09-29,53,Otros,1328,Si
1317,2011-12-29,291,Luz,1926,No
1318,2017-05-09,878,Gas,1425,Si
1319,2023-04-18,773,Luz,1243,Si
1320,2023-10-06,862,Limpieza,8085,No
1321,2010-03-30,735,Luz,9253,Si
1322,2012-07-04,604,Otros,8079,Si
1323,2015-08-22,722,Agua,7251,No
1324,2001-08-04,860,Luz,896,Si
1325,2008-11-16,48,Gas,9077,Si
1326,2012-05-27,912,Otros,2335,No
1327,2008-04-22,319,Gas,9593,Si
1328,2000-05-28,28,Luz,8926,Si
1329,2021-10-23,816,Otros,6648,Si
1330,2018-07-11,85,Limpieza,9073,Si
1331,2020-11-09,427,Otros,923,Si
1332,2012-03-18,118,Luz,3806,Si
1333,2020-12-30,703,Gas,3617,No
1334,2009-07-20,483,Luz,1289,Si
1335,2017-05-05,537,Agua,8656,No
1336,2021-08-27,989,Agua,99,Si
1337,2015-01-08,516,Otros,5149,No
1338,2013-02-04,708,Gas,9149,No
1339,2019-04-20,919,Otros,2240,No
1340,2022-03-22,226,Agua,3334,Si
1341,2017-07-17,798,Luz,3257,No
1342,2015-02-13,96,Gas,5763,Si
1343,2001-04-09,764,Gas,8481,Si
1344,2013-05-23,802,Luz,7715,Si
1345,2003-12-12,999,Luz,5731,No
1346,2013-05-21,545,Limpieza,6483,Si
1347,2019-02-05,795,Agua,9128,Si
1348,2000-01-04,136,Otros,8269,Si
1349,2005-09-12,384,Otros,1530,No
1350,2000-05-09,963,Gas,4414,No
1351,2005-11-14,685,Otros,9513,No
1352,2007-05-12,350,Limpieza,2913,Si
1353,2015-05-17,769,Gas,8587,No
1354,2014-06-26,712,Otros,18,No
1355,2018-06-22,564,Luz,2607,Si
1356,2022-10-24,52,Otros,9767,No
1357,2004-11-25,653,Agua,1090,No
1358,2004-02-11,116,Otros,48,No
1359,2005-12-15,984,Luz,3422,No
1360,2018-05-18,533,Agua,958,Si
1361,2021-04-24,44,Otros,7628,No
1362,2021-01-21,696,Limpieza,2396,Si
1363,2011-09-19,497,Otros,4622,No
1364,2006-02-17,120,Gas,9015,No
1365,2005-08-02,194,Otros,1717,Si
1366,2006-10-24,88,Limpieza,496,No
1367,2003-12-20,366,Otros,2910,Si
1368,2007-09-18,72,Agua,4465,Si
1369,2012-11-04,941,Otros,6894,Si
1370,2002-07-08,442,Agua,3925,No
1371,2005-10-16,587,Limpieza,9228,Si
1372,2013-09-16,753,Luz,1764,No
1373,2008-11-25,820,Limpieza,6559,No
1374,2017-07-21,733,Limpieza,4301,Si
1375,2009-09-14,375,Luz,5334,Si
1376,2014-03-06,201,Luz,7304,Si
1377,2023-07-19,920,Limpieza,9131,Si
1378,2014-09-22,29,Limpieza,5390,No
1379,2011-09-14,647,Agua,9658,Si
1380,2017-07-10,902,Agua,4510,No
1381,2023-02-11,38,Agua,5972,No
1382,2001-08-20,935,Limpieza,5210,No
1383,2016-10-05,833,Gas,3356,No
1384,2016-02-28,349,Luz,3229,Si
1385,2018-02-23,556,Otros,9749,No
1386,2022-09-21,940,Agua,1840,No
1387,2006-04-27,26,Gas,9809,Si
1388,2019-02-18,683,Gas,5576,No
1389,2024-06-01,353,Agua,1871,No
1390,2008-11-07,34,Luz,8322,Si
1391,2005-10-06,368,Otros,9045,No
1392,2020-03-28,587,Limpieza,8297,No
1393,2018-10-07,569,Limpieza,7004,Si
1394,2004-06-25,825,Otros,2522,Si
1395,2018-01-14,81,Agua,1189,Si
1396,2008-11-25,964,Gas,2080,Si
1397,2021-05-13,193,Otros,5825,No
1398,2023-08-16,104,Luz,1256,Si
1399,2021-06-17,769,Gas,6263,Si
1400,2008-05-21,587,Luz,7176,No
1401,2000-09-25,903,Limpieza,7471,Si
1402,2014-03-21,61,Limpieza,5978,No
1403,2005-06-01,674,Agua,5706,Si
1404,2020-05-08,529,Limpieza,4825,Si
1405,2016-09-22,493,Limpieza,5501,No
1406,2018-12-12,830,Otros,3118,Si
1407,2000-10-18,831,Gas,3991,No
1408,2021-06-16,255,Limpieza,3435,No
1409,2014-06-07,3,Limpieza,514,No
1410,2024-10-31,867,Gas,3961,Si
1411,2009-04-30,485,Agua,1230,No
1412,2016-05-14,905,Luz,6405,Si
1413,2013-03-07,917,Otros,6073,No
1414,2021-09-30,395,Limpieza,872,No
1415,2024-03-16,459,Gas,233,Si
1416,2019-01-29,948,Otros,4774,No
1417,2010-05-31,57,Gas,4985,No
1418,2009-07-29,809,Luz,8505,No
1419,2017-04-03,279,Limpieza,6558,No
1420,2015-11-04,872,Agua,2044,No
1421,2008-06-06,766,Otros,9567,No
1422,2020-07-28,688,Agua,946,No
1423,2007-12-27,127,Luz,1036,No
1424,2022-07-18,548,Luz,8323,Si
1425,2001-04-02,659,Luz,65,No
1426,2003-10-10,473,Agua,463,No
1427,2012-10-02,224,Gas,7164,Si
1428,2012-02-17,847,Agua,1542,No
1429,2021-05-28,106,Luz,2937,Si
1430,2016-01-08,249,Luz,6438,Si
1431,2023-03-06,835,Gas,9826,No
1432,2011-06-01,163,Agua,3463,Si
1433,2010-02-26,171,Gas,3263,Si
1434,2015-04-20,413,Limpieza,312,Si
1435,2000-09-08,672,Luz,2056,No
1436,2001-06-16,361,Gas,523,Si
1437,2008-12-12,495,Otros,5963,No
1438,2014-04-08,796,Limpieza,250,Si
1439,2009-12-11,634,Gas,4347,No
1440,2008-01-23,258,Limpieza,1799,Si
1441,2013-10-27,595,Limpieza,1666,Si
1442,2021-11-22,7,Limpieza,3131,Si
1443,2000-10-03,71,Limpieza,518,Si
1444,2006-03-04,539,Gas,7728,No
1445,2021-01-11,385,Luz,344,No
1446,2006-10-02,945,Limpieza,2380,Si
1447,2020-02-05,504,Otros,8848,Si
1448,2016-04-03,52,Agua,2745,Si
1449,2021-10-27,178,Luz,5428,No
1450,2003-04-22,375,Otros,4763,Si
1451,2016-10-06,916,Otros,8186,Si
1452,2004-09-21,906,Agua,1216,Si
1453,2021-06-05,765,Gas,770,Si
1454,2003-11-02,836,Limpieza,4606,Si
1455,2020-08-11,136,Agua,2002,No
1456,2019-04-01,73,Gas,7441,Si
1457,2008-12-12,878,Agua,7658,Si
1458,2003-02-06,589,Agua,5858,Si
1459,2010-04-06,55,Gas,3226,Si
1460,2002-06-10,572,Limpieza,1121,No
1461,2001-02-17,302,Gas,5737,Si
1462,2003-11-26,811,Otros,2312,No
1463,2024-07-25,947,Agua,9094,No
1464,2007-05-14,454,Limpieza,761,No
1465,2005-09-01,672,Limpieza,8204,No
1466,2021-10-10,770,Gas,5289,Si
1467,2008-06-17,281,Agua,7549,No
1468,2008-07-17,270,Limpieza,4586,No
1469,2004-11-17,840,Agua,8994,No
1470,2001-07-10,110,Luz,5863,No
1471,2022-06-28,118,Gas,7793,No
1472,2005-02-15,471,Otros,6156,Si
1473,2024-03-16,857,Otros,6273,No
1474,2023-03-07,349,Otros,9192,Si
1475,2020-02-15,838,Luz,7066,Si
1476,2023-12-30,839,Agua,603,No
1477,2014-10-13,490,Otros,8072,No
1478,2010-02-22,626,Limpieza,8892,Si
1479,2000-03-16,724,Gas,8050,No
1480,2024-11-19,811,Luz,3579,No
1481,2004-01-22,333,Luz,1716,No
1482,2021-01-14,915,Luz,6030,No
1483,2003-07-03,531,Otros,4257,Si
1484,2005-01-29,836,Otros,5986,No
1485,2007-08-19,589,Limpieza,2141,Si
1486,2006-10-07,694,Otros,606,Si
1487,2008-02-29,306,Gas,6440,Si
1488,2023-10-07,360,Otros,712,Si
1489,2003-11-20,807,Gas,641,Si
1490,2018-06-06,820,Gas,7063,Si
1491,2001-02-17,281,Gas,9943,Si
1492,2021-01-06,676,Gas,3727,No
1493,2014-07-13,30,Agua,2477,Si
1494,2002-08-15,690,Agua,1045,Si
1495,2012-07-10,372,Otros,5503,No
1496,2021-12-18,265,Otros,6533,Si
1497,2003-01-06,176,Luz,7402,Si
1498,2022-04-19,117,Limpieza,3562,No
1499,2018-04-17,704,Agua,5197,No
1500,2005-05-08,209,Gas,8926,Si
1501,2005-10-14,285,Luz,5368,No
1502,2010-08-03,242,Otros,6080,No
1503,2019-12-04,911,Gas,6158,No
1504,2006-09-15,255,Luz,9310,Si
1505,2022-10-30,825,Luz,7324,Si
1506,2017-12-03,539,Agua,5494,No
1507,2004-09-12,593,Agua,4727,Si
1508,2003-08-15,628,Luz,3605,Si
1509,2023-02-20,865,Otros,3397,Si
1510,2003-08-27,304,Luz,7020,No
1511,2004-05-28,994,Otros,820,No
1512,2020-09-13,923,Gas,5463,Si
1513,2000-01-29,64,Agua,988,Si
1514,2024-11-27,86,Luz,6518,No
1515,2023-03-20,244,Limpieza,8118,Si
1516,2004-12-02,440,Gas,3385,No
1517,2000-08-13,751,Otros,5565,Si
1518,2000-06-21,178,Limpieza,4010,Si
1519,2022-03-02,104,Gas,1917,No
1520,2020-06-16,146,Otros,8529,No
1521,2015-08-14,129,Gas,3166,No
1522,2024-02-25,240,Luz,8916,No
1523,2019-08-24,365,Gas,2091,Si
1524,2006-06-29,858,Limpieza,1853,Si
1525,2018-11-16,275,Limpieza,1625,Si
1526,2002-04-10,107,Gas,2090,Si
1527,2008-08-09,246,Otros,939,Si
1528,2007-08-29,682,Luz,3528,Si
1529,2002-05-17,457,Agua,3492,Si
1530,2019-04-23,810,Gas,4447,Si
1531,2003-04-09,918,Gas,1125,Si
1532,2020-10-12,436,Limpieza,9444,No
1533,2011-02-19,236,Gas,7171,Si
1534,2006-03-06,446,Agua,1711,No
1535,2013-09-17,991,Otros,5408,Si
1536,2003-07-14,595,Otros,6002,Si
1537,2024-03-19,632,Agua,9861,No
1538,2008-09-08,556,Agua,1764,Si
1539,2009-07-04,391,Limpieza,84,No
1540,2011-06-08,805,Gas,5699,No
1541,2005-09-30,750,Agua,3530,No
1542,2015-07-28,98,Limpieza,1134,No
1543,2016-09-23,519,Otros,8912,Si
1544,2005-07-23,245,Luz,2108,Si
1545,2005-12-11,589,Limpieza,9220,Si
1546,2007-03-02,706,Gas,9601,No
1547,2022-09-21,969,Gas,4768,Si
1548,2004-12-14,467,Limpieza,5495,No
1549,2008-01-28,652,Limpieza,5865,No
1550,2023-07-14,156,Limpieza,3015,Si
1551,2002-11-18,65,Gas,2092,Si
1552,2016-12-10,119,Limpieza,369,Si
1553,2004-01-13,246,Luz,5108,Si
1554,2012-05-29,535,Gas,70,No
1555,2017-02-08,386,Gas,3631,No
1556,2017-01-04,852,Luz,8047,Si
1557,2007-12-06,116,Limpieza,9021,No
1558,2012-01-24,934,Limpieza,9688,No
1559,2021-12-22,670,Otros,5634,No
1560,2018-05-05,750,Luz,662,Si
1561,2001-09-23,410,Agua,8862,No
1562,2020-06-04,501,Otros,6911,Si
1563,2012-05-12,932,Gas,8613,Si
1564,2006-03-18,944,Gas,1320,No
1565,2021-06-19,337,Limpieza,129,Si
1566,2022-07-20,792,Agua,3514,No
1567,2024-09-12,622,Gas,7174,Si
1568,2020-05-20,251,Luz,682,Si
1569,2006-04-09,97,Agua,7412,No
1570,2023-11-08,635,Limpieza,3030,No
1571,2007-05-26,151,Luz,7555,No
1572,2021-09-07,620,Luz,4011,Si
1573,2001-07-01,467,Luz,986,Si
1574,2011-05-23,624,Otros,8908,Si
1575,2014-11-20,676,Limpieza,3872,No
1576,2023-12-03,651,Luz,6181,No
1577,2009-09-15,104,Luz,437,No
1578,2015-01-28,689,Gas,3867,Si
1579,2006-12-02,724,Otros,7138,Si
1580,2021-10-02,603,Limpieza,4336,Si
1581,2024-05-14,406,Limpieza,4443,No
1582,2017-01-29,599,Gas,540,Si
1583,2007-09-20,182,Luz,5263,Si
1584,2003-11-27,151,Otros,9875,Si
1585,2023-04-22,325,Agua,5778,No
1586,2021-04-29,966,Otros,9543,Si
1587,2023-06-22,927,Gas,9335,No
1588,2015-06-29,772,Otros,6857,Si
1589,2003-07-11,91,Luz,984,No
1590,2013-11-29,960,Otros,4180,Si
1591,2023-03-27,166,Gas,1109,No
1592,2013-06-01,884,Otros,1222,Si
1593,2009-02-11,211,Gas,5580,No
1594,2021-03-11,232,Agua,1250,No
1595,2014-09-20,209,Limpieza,3330,Si
1596,2020-05-23,582,Agua,4892,No
1597,2019-08-31,341,Gas,7789,Si
1598,2010-11-15,468,Gas,7507,Si
1599,2006-11-30,555,Limpieza,9418,No
1600,2021-07-15,188,Otros,9659,Si
1601,2011-05-16,930,Otros,7773,Si
1602,2003-05-31,65,Agua,6811,No
1603,2007-11-10,471,Luz,9136,No
1604,2006-08-13,33,Otros,9606,Si
1605,2008-12-09,812,Otros,4749,No
1606,2021-06-09,865,Gas,859,Si
1607,2011-09-05,325,Gas,8833,No
1608,2000-07-21,529,Gas,3824,Si
1609,2023-01-13,650,Limpieza,3459,Si
1610,2005-05-18,185,Luz,6472,Si
1611,2021-06-09,388,Luz,4089,No
1612,2018-03-04,111,Limpieza,6329,Si
1613,2018-10-21,300,Agua,2196,Si
1614,2022-06-01,944,Luz,7944,Si
1615,2001-09-30,934,Otros,177,Si
1616,2012-05-30,315,Limpieza,9719,No
1617,2015-04-24,768,Gas,7160,Si
1618,2024-05-26,301,Agua,6857,Si
1619,2005-05-01,940,Limpieza,2391,Si
1620,2015-11-12,969,Limpieza,3526,No
1621,2021-05-07,352,Gas,1374,Si
1622,2004-12-13,628,Otros,5811,Si
1623,2022-04-08,130,Otros,3835,Si
1624,2016-03-05,283,Luz,5476,Si
1625,2007-12-22,259,Limpieza,5755,Si
1626,2018-07-03,260,Gas,9578,No
1627,2023-07-07,897,Luz,9445,No
1628,2008-06-20,12,Luz,618,Si
1629,2008-02-28,801,Gas,7409,No
1630,2001-09-07,356,Agua,1688,No
1631,2004-05-04,589,Otros,2742,No
1632,2023-06-28,780,Luz,3910,No
1633,2009-06-28,611,Luz,2282,Si
1634,2003-02-07,481,Gas,8348,Si
1635,2010-01-22,388,Limpieza,3807,No
1636,2009-05-28,335,Luz,2728,Si
1637,2016-06-05,924,Gas,4620,No
1638,2024-04-14,968,Luz,364,No
1639,2006-04-16,526,Otros,1477,Si
1640,2012-05-03,669,Luz,7924,No
1641,2004-11-21,567,Luz,7060,No
1642,2016-02-29,165,Limpieza,5144,Si
1643,2010-06-07,395,Agua,5067,No
1644,2004-06-15,915,Limpieza,1923,No
1645,2003-05-12,613,Otros,3105,No
1646,2011-01-24,356,Gas,4429,No
1647,2018-07-17,515,Agua,5997,Si
1648,2024-08-31,327,Otros,3652,No
1649,2007-05-07,939,Agua,6563,No
1650,2015-12-28,730,Gas,6497,No
1651,2007-06-21,13,Agua,4045,No
1652,2018-12-31,816,Gas,2766,Si
1653,2007-02-21,983,Limpieza,8481,No
1654,2024-09-08,743,Gas,1626,Si
1655,2015-05-13,279,Gas,9145,No
1656,2008-08-16,778,Limpieza,4684,No
1657,2020-03-19,683,Agua,3350,Si
1658,2018-06-21,45,Limpieza,1784,No
1659,2004-06-03,580,Luz,8063,No
1660,2010-02-28,331,Limpieza,551,No
1661,2001-02-13,158,Agua,8273,Si
1662,2008-01-16,845,Luz,9369,No
1663,2010-03-29,868,Gas,2975,No
1664,2023-12-23,134,Otros,5847,No
1665,2022-03-11,537,Otros,7742,Si
1666,2021-05-16,816,Gas,3118,No
1667,2023-11-05,918,Luz,3591,Si
1668,2009-11-14,448,Luz,5123,Si
1669,2007-11-28,363,Agua,5666,Si
1670,2011-09-21,825,Agua,9931,Si
1671,2005-11-05,352,Limpieza,8566,Si
1672,2010-01-08,633,Limpieza,6276,No
1673,2020-03-20,887,Limpieza,802,No
1674,2023-06-27,481,Agua,6849,No
1675,2016-02-02,129,Agua,3521,No
1676,2001-07-26,300,Agua,1582,Si
1677,2019-07-01,764,Otros,9185,Si
1678,2008-06-07,582,Gas,7746,Si
1679,2011-10-03,979,Limpieza,4175,Si
1680,2013-02-19,875,Gas,4054,No
1681,2016-04-27,334,Otros,488,No
1682,2002-06-23,222,Luz,9095,No
1683,2020-02-15,757,Luz,1906,Si
1684,2024-08-21,436,Limpieza,5363,Si
1685,2000-04-11,343,Agua,2996,Si
1686,2008-01-20,79,Agua,7935,Si
1687,2014-01-23,141,Otros,7447,Si
1688,2021-03-27,524,Limpieza,8399,Si
1689,2000-09-28,500,Otros,938,No
1690,2015-04-30,734,Limpieza,9798,No
1691,2007-02-03,529,Luz,2209,Si
1692,2002-10-28,645,Limpieza,7499,Si
1693,2002-04-12,994,Limpieza,1918,Si
1694,2010-05-02,813,Agua,6353,Si
1695,2011-07-10,420,Otros,8,No
1696,2008-06-23,176,Otros,3126,Si
1697,2003-07-28,382,Luz,4221,Si
1698,2018-02-16,948,Otros,7741,No
1699,2005-10-13,272,Gas,3157,Si
1700,2007-06-22,747,Gas,4703,Si
1701,2002-04-08,899,Luz,369,Si
1702,2015-09-29,778,Luz,5400,Si
1703,2012-09-25,33,Limpieza,2412,Si
1704,2016-09-10,477,Luz,3366,No
1705,2021-12-13,378,Luz,6131,No
1706,2017-11-21,934,Otros,4218,No
1707,2020-06-19,361,Agua,233,No
1708,2012-09-23,253,Luz,739,Si
1709,2024-02-29,672,Gas,5230,Si
1710,2007-08-28,693,Limpieza,4704,Si
1711,2017-02-01,384,Limpieza,9758,No
1712,2022-09-02,769,Agua,6990,No
1713,2014-07-29,490,Luz,1863,Si
1714,2011-03-06,481,Luz,3940,Si
1715,2003-04-16,203,Agua,4509,No
1716,2009-12-11,95,Otros,3107,No
1717,2016-01-31,977,Otros,2188,No
1718,2006-06-25,155,Luz,1627,No
1719,2022-10-13,748,Otros,5808,No
1720,2012-09-06,485,Limpieza,2038,Si
1721,2018-05-13,106,Otros,2759,Si
1722,2001-02-18,497,Limpieza,879,No
1723,2001-09-24,605,Otros,5546,Si
1724,2005-08-17,920,Gas,3565,No
1725,2020-01-08,336,Otros,9467,Si
1726,2010-04-24,692,Limpieza,6846,Si
1727,2024-05-04,974,Limpieza,9771,No
1728,2013-10-30,376,Luz,4103,Si
1729,2020-10-14,425,Agua,6508,Si
1730,2011-06-06,305,Gas,8820,No
1731,2019-08-14,326,Luz,6594,Si
1732,2023-02-28,712,Limpieza,6835,Si
1733,2008-01-26,218,Limpieza,9418,No
1734,2024-12-26,216,Limpieza,9376,No
1735,2017-03-02,257,Agua,3192,No
1736,2023-06-07,572,Agua,1323,Si
1737,2009-06-27,919,Agua,6225,No
1738,2012-04-29,950,Otros,3060,No
1739,2001-01-25,252,Otros,2672,No
1740,2006-11-29,534,Agua,6166,No
1741,2000-08-27,128,Gas,5713,No
1742,2001-12-28,798,Agua,9762,No
1743,2002-02-03,415,Limpieza,4545,Si
1744,2001-06-21,360,Agua,3555,No
1745,2019-12-07,436,Luz,3928,Si
1746,2005-10-30,941,Otros,8412,No
1747,2004-12-18,296,Luz,8419,Si
1748,2000-07-27,8,Gas,7413,Si
1749,2015-05-03,145,Luz,6280,No
1750,2021-04-21,693,Agua,9592,Si
1751,2010-06-28,47,Agua,9982,Si
1752,2007-12-21,793,Luz,5795,Si
1753,2007-05-29,854,Agua,4536,No
1754,2021-08-08,357,Luz,689,No
1755,2007-08-31,479,Agua,3475,Si
1756,2001-09-06,295,Limpieza,5938,No
1757,2000-02-18,568,Otros,4123,No
1758,2001-09-10,504,Agua,2256,No
1759,2012-02-11,556,Limpieza,5305,Si
1760,2008-11-16,728,Gas,3110,No
1761,2011-10-28,726,Luz,4342,Si
1762,2009-01-29,188,Luz,5358,No
1763,2023-08-14,571,Limpieza,7283,No
1764,2012-01-03,707,Limpieza,5939,No
1765,2023-12-03,93,Otros,3701,Si
1766,2021-05-22,407,Luz,8374,No
1767,2009-08-23,558,Luz,619,No
1768,2018-12-26,235,Otros,7283,No
1769,2014-10-27,973,Gas,7213,Si
1770,2001-09-27,385,Otros,551,Si
1771,2017-01-07,839,Agua,1887,No
1772,2021-05-12,936,Agua,4499,Si
1773,2013-03-18,16,Agua,8969,Si
1774,2017-07-17,802,Agua,8744,Si
1775,2022-04-24,157,Luz,9771,Si
1776,2013-05-11,928,Limpieza,9203,Si
1777,2014-08-15,18,Gas,9514,No
1778,2012-05-09,589,Luz,891,No
1779,2017-05-26,392,Gas,7499,No
1780,2006-01-08,686,Otros,2604,No
1781,2000-05-27,625,Otros,6517,Si
1782,2001-09-16,77,Luz,7494,No
1783,2010-02-22,905,Luz,3442,No
1784,2020-01-07,141,Otros,3698,Si
1785,2020-08-16,909,Gas,1006,No
1786,2012-07-11,225,Luz,3761,Si
1787,2019-09-16,924,Agua,4668,Si
1788,2003-11-06,297,Otros,9984,No
1789,2019-12-16,255,Otros,4597,Si
1790,2013-02-09,925,Luz,3181,No
1791,2007-07-25,491,Agua,7261,No
1792,2017-02-28,529,Luz,6053,No
1793,2012-02-03,157,Luz,4577,No
1794,2024-04-22,269,Limpieza,247,No
1795,2007-06-21,842,Luz,1485,No
1796,2008-12-04,17,Gas,1742,No
1797,2014-02-12,146,Limpieza,5146,Si
1798,2008-03-10,460,Luz,4131,Si
1799,2023-06-09,422,Limpieza,5709,Si
1800,2022-03-01,279,Luz,3311,Si
1801,2002-04-13,107,Agua,1522,No
1802,2011-10-31,859,Limpieza,8008,No
1803,2014-09-24,232,Limpieza,1543,No
1804,2018-05-11,666,Limpieza,8752,Si
1805,2003-11-13,855,Otros,5543,No
1806,2022-06-22,108,Limpieza,2313,No
1807,2010-10-08,579,Limpieza,6094,Si
1808,2023-10-09,374,Limpieza,1290,No
1809,2018-05-12,581,Luz,1900,Si
1810,2024-06-30,136,Limpieza,1711,No
1811,2018-04-13,242,Agua,1934,No
1812,2021-06-25,233,Agua,6060,Si
1813,2010-02-18,982,Otros,3233,Si
1814,2017-12-06,805,Limpieza,5835,Si
1815,2018-08-30,288,Gas,342,No
1816,2024-09-19,383,Otros,9312,No
1817,2011-04-14,804,Agua,8451,No
1818,2009-09-05,791,Agua,4975,No
1819,2023-07-11,895,Agua,50,Si
1820,2020-09-25,235,Limpieza,4459,Si
1821,2021-08-21,617,Gas,2954,Si
1822,2022-06-06,51,Luz,105,Si
1823,2011-11-23,2,Gas,8761,No
1824,2021-12-31,550,Limpieza,3973,Si
1825,2019-11-07,738,Limpieza,329,No
1826,2005-04-21,865,Gas,8601,No
1827,2005-06-29,756,Luz,9353,Si
1828,2010-04-26,496,Limpieza,6128,Si
1829,2015-04-12,624,Agua,4269,No
1830,2007-09-24,697,Gas,392,No
1831,2024-07-13,61,Otros,5427,No
1832,2016-04-25,798,Otros,751,No
1833,2014-08-06,955,Agua,677,No
1834,2001-04-19,850,Otros,772,No
1835,2022-02-02,781,Gas,4183,Si
1836,2024-08-16,853,Agua,3230,No
1837,2015-10-21,643,Agua,3342,Si
1838,2018-04-03,40,Limpieza,8553,No
1839,2012-05-24,822,Gas,1699,No
1840,2023-10-10,974,Limpieza,9864,Si
1841,2003-11-26,99,Otros,6659,Si
1842,2021-08-26,735,Limpieza,2492,Si
1843,2021-08-15,139,Otros,1009,Si
1844,2013-01-17,691,Gas,8963,Si
1845,2007-11-03,968,Luz,1396,No
1846,2006-02-26,477,Otros,3021,Si
1847,2008-10-21,419,Limpieza,1326,No
1848,2010-03-24,125,Agua,5013,Si
1849,2021-06-11,964,Limpieza,9625,Si
1850,2021-05-10,866,Luz,9327,Si
1851,2009-09-27,522,Agua,7754,No
1852,2013-04-25,144,Otros,1394,No
1853,2013-09-15,432,Luz,5307,Si
1854,2009-06-01,126,Luz,2663,Si
1855,2005-11-26,398,Limpieza,3030,No
1856,2023-03-22,222,Otros,1136,Si
1857,2006-07-14,365,Luz,9554,No
1858,2008-10-10,999,Limpieza,8344,No
1859,2007-04-17,995,Otros,1831,No
1860,2007-03-29,633,Luz,9058,Si
1861,2015-03-14,958,Limpieza,367,No
1862,2014-09-30,467,Otros,6547,Si
1863,2012-04-13,381,Gas,9917,No
1864,2006-07-28,926,Limpieza,3619,No
1865,2002-10-09,975,Limpieza,1863,No
1866,2024-11-17,793,Limpieza,5297,No
1867,2005-08-01,43,Limpieza,5640,Si
1868,2005-12-12,282,Agua,6069,No
1869,2015-02-06,774,Limpieza,9351,No
1870,2013-07-23,450,Agua,8262,Si
1871,2015-05-28,73,Agua,8834,Si
1872,2007-07-14,575,Limpieza,5552,Si
1873,2005-02-02,115,Luz,4273,Si
1874,2018-12-29,908,Gas,516,No
1875,2004-07-01,984,Limpieza,5459,Si
1876,2024-12-07,80,Otros,7842,No
1877,2000-08-14,865,Otros,6022,No
1878,2013-01-31,967,Agua,491,Si
1879,2018-03-03,28,Luz,7554,Si
1880,2013-07-16,71,Limpieza,3801,No
1881,2010-12-19,106,Gas,3026,Si
1882,2000-07-14,997,Luz,7727,No
1883,2012-05-06,76,Otros,7637,Si
1884,2014-12-22,521,Otros,8873,No
1885,2008-08-31,285,Otros,3735,Si
1886,2002-01-19,589,Gas,9621,Si
1887,2019-03-10,667,Otros,9047,Si
1888,2010-01-03,519,Agua,2616,No
1889,2011-05-22,488,Agua,6566,No
1890,2002-05-12,983,Luz,1869,No
1891,2008-06-13,350,Agua,3418,Si
1892,2020-07-21,766,Limpieza,3948,No
1893,2010-07-25,316,Gas,7760,Si
1894,2012-12-21,968,Gas,8568,No
1895,2020-06-04,152,Otros,1885,Si
1896,2017-04-24,998,Luz,521,No
1897,2013-11-10,970,Luz,6477,No
1898,2001-10-22,74,Otros,4992,Si
1899,2006-04-29,332,Agua,2112,No
1900,2019-11-13,13,Gas,3604,Si
1901,2017-06-10,22,Luz,4312,Si
1902,2019-04-23,661,Otros,9298,Si
1903,2004-03-21,459,Limpieza,4715,Si
1904,2013-01-04,652,Agua,4940,No
1905,2019-08-21,724,Otros,4109,No
1906,2010-02-18,791,Agua,7136,Si
1907,2009-03-15,379,Luz,2723,Si
1908,2001-10-30,801,Otros,2435,Si
1909,2002-10-14,386,Limpieza,1543,Si
1910,2000-02-19,426,Otros,5411,Si
1911,2021-10-08,637,Otros,4474,No
1912,2006-08-05,644,Luz,608,Si
1913,2011-02-11,746,Gas,328,Si
1914,2017-09-21,418,Gas,3737,Si
1915,2008-08-08,547,Limpieza,6406,Si
1916,2000-05-18,678,Otros,9271,No
1917,2022-08-25,245,Limpieza,9242,No
1918,2000-07-19,877,Agua,3456,No
1919,2023-06-29,213,Otros,3267,No
1920,2013-12-22,928,Limpieza,8318,Si
1921,2005-06-21,634,Luz,1728,No
1922,2016-03-18,861,Otros,7089,No
1923,2022-09-11,68,Gas,1134,No
1924,2006-06-17,470,Otros,8344,Si
1925,2006-02-22,289,Limpieza,8512,No
1926,2002-01-01,47,Otros,7752,No
1927,2010-11-20,727,Limpieza,5749,Si
1928,2024-09-06,13,Gas,7436,No
1929,2008-09-22,840,Limpieza,961,Si
1930,2010-03-27,805,Otros,2556,No
1931,2014-02-21,506,Agua,7604,Si
1932,2016-03-04,317,Luz,5630,Si
1933,2017-08-27,501,Gas,2000,No
1934,2019-05-08,951,Luz,6932,No
1935,2009-09-28,106,Luz,87,No
1936,2017-04-18,240,Luz,8560,No
1937,2020-07-20,827,Gas,3273,Si
1938,2011-03-30,296,Limpieza,1895,No
1939,2014-04-03,803,Agua,6033,Si
1940,2021-09-16,733,Otros,5067,Si
1941,2014-09-24,554,Limpieza,3602,No
1942,2022-11-08,996,Gas,3871,Si
1943,2008-04-02,515,Luz,5353,Si
1944,2016-03-17,899,Luz,3704,Si
1945,2024-04-08,158,Luz,7323,Si
1946,2021-07-31,326,Limpieza,1804,No
1947,2010-08-29,806,Luz,5580,No
1948,2002-12-30,6,Limpieza,6699,Si
1949,2009-11-13,547,Gas,1913,No
1950,2006-01-26,416,Limpieza,1138,No
1951,2004-04-29,810,Limpieza,9033,Si
1952,2019-03-26,894,Luz,3076,No
1953,2022-12-26,35,Limpieza,9275,No
1954,2024-06-26,136,Otros,110,No
1955,2010-08-19,302,Limpieza,1822,Si
1956,2003-03-11,405,Agua,3465,Si
1957,2009-03-10,690,Otros,3397,No
1958,2004-06-07,219,Limpieza,1113,Si
1959,2015-07-01,754,Luz,2603,Si
1960,2020-08-18,511,Agua,6176,No
1961,2006-12-30,272,Luz,8791,No
1962,2018-05-12,859,Limpieza,7267,No
1963,2022-10-02,717,Otros,9129,No
1964,2016-01-29,233,Limpieza,3555,No
1965,2005-12-19,309,Agua,3563,Si
1966,2012-07-14,752,Gas,7805,No
1967,2017-04-23,482,Luz,8521,No
1968,2016-05-07,664,Limpieza,3344,Si
1969,2000-06-23,368,Gas,9150,No
1970,2014-11-23,544,Luz,1690,No
1971,2012-11-29,333,Gas,592,Si
1972,2017-10-11,626,Gas,163,No
1973,2014-01-14,362,Limpieza,1949,No
1974,2024-05-17,106,Luz,4921,Si
1975,2023-09-23,606,Gas,5413,No
1976,2012-03-08,522,Agua,8109,No
1977,2006-04-04,904,Limpieza,3708,No
1978,2018-04-11,338,Otros,6727,Si
1979,2012-11-05,954,Luz,5524,Si
1980,2006-06-30,700,Gas,5498,No
1981,2009-09-28,914,Gas,7079,No
1982,2003-04-30,870,Limpieza,324,Si
1983,2016-09-01,218,Agua,5758,No
1984,2022-02-27,61,Gas,4063,Si
1985,2010-11-15,144,Limpieza,4191,No
1986,2011-10-19,523,Limpieza,6491,Si
1987,2007-09-28,807,Luz,1381,No
1988,2002-04-14,487,Limpieza,1874,No
1989,2014-08-08,134,Otros,7934,Si
1990,2001-02-26,143,Otros,1858,No
1991,2023-10-21,438,Otros,566,Si
1992,2024-12-27,696,Otros,674,Si
1993,2006-01-23,973,Agua,7610,Si
1994,2019-09-21,862,Agua,3437,No
1995,2011-02-02,958,Gas,491,No
1996,2008-11-01,972,Limpieza,2629,No
1997,2010-07-01,808,Luz,3929,No
1998,2017-12-12,666,Limpieza,8502,No
1999,2005-01-02,521,Limpieza,9658,Si
2000,2021-03-29,978,Gas,8669,Si
2001,2006-02-27,269,Otros,948,No
2002,2009-04-24,433,Limpieza,5214,Si
2003,2021-11-05,934,Otros,78,No
2004,2022-05-18,388,Otros,6456,No
2005,2009-01-27,229,Luz,6462,No
2006,2002-10-12,976,Gas,6109,Si
2007,2015-11-16,415,Luz,4918,No
2008,2000-02-03,290,Gas,262,Si
2009,2013-04-06,825,Limpieza,6028,Si
2010,2005-07-17,933,Otros,7307,No
2011,2023-11-27,92,Limpieza,4172,Si
2012,2006-02-07,801,Otros,8055,Si
2013,2001-05-27,9,Luz,1875,Si
2014,2001-08-04,234,Gas,5134,Si
2015,2016-08-05,685,Otros,2914,Si
2016,2009-07-08,304,Otros,8184,No
2017,2009-01-29,117,Agua,8297,Si
2018,2022-02-04,857,Luz,9290,Si
2019,2005-12-05,543,Otros,2718,Si
2020,2011-02-22,671,Otros,3870,Si
2021,2016-11-13,237,Limpieza,2775,Si
2022,2010-03-07,14,Limpieza,940,Si
2023,2015-04-02,545,Otros,6351,Si
2024,2005-12-08,221,Otros,3314,No
2025,2022-03-02,66,Agua,4399,No
2026,2003-06-21,802,Agua,2302,Si
2027,2006-05-21,435,Agua,2468,Si
2028,2015-09-15,803,Luz,9516,No
2029,2016-06-23,514,Gas,1766,No
2030,2022-01-18,322,Gas,8069,No
2031,2004-09-03,604,Agua,8903,No
2032,2005-05-02,850,Otros,7306,Si
2033,2019-11-04,576,Otros,219,Si
2034,2000-11-14,624,Gas,2033,No
2035,2005-07-17,737,Agua,6516,Si
2036,2006-06-23,942,Limpieza,1162,Si
2037,2004-11-24,620,Agua,8794,Si
2038,2022-06-18,899,Luz,9189,No
2039,2019-05-19,968,Agua,363,No
2040,2024-08-30,591,Gas,8517,No
2041,2009-12-07,951,Agua,1209,Si
2042,2002-09-23,652,Luz,7480,Si
2043,2018-02-11,62,Luz,6437,No
2044,2006-05-07,164,Gas,3967,No
2045,2005-04-25,268,Gas,5659,No
2046,2017-01-10,954,Luz,5981,No
2047,2007-11-24,731,Limpieza,4963,Si
2048,2003-04-12,649,Limpieza,6241,No
2049,2008-12-06,207,Gas,6553,Si
2050,2010-01-07,506,Otros,3608,Si
2051,2009-07-03,11,Gas,671,Si
2052,2018-11-07,94,Agua,4656,No
2053,2024-02-19,657,Limpieza,2670,No
2054,2016-12-28,267,Luz,1347,Si
2055,2020-03-29,696,Otros,2209,Si
2056,2001-09-03,62,Gas,3483,Si
2057,2017-08-13,940,Limpieza,4607,Si
2058,2009-10-27,728,Otros,4418,No
2059,2010-04-03,802,Limpieza,3475,No
2060,2021-03-13,791,Limpieza,9040,No
2061,2003-12-02,804,Luz,8395,No
2062,2022-09-20,563,Otros,7334,Si
2063,2008-07-03,317,Luz,7686,No
2064,2024-11-30,856,Otros,597,No
2065,2001-10-13,380,Limpieza,4725,Si
2066,2004-03-05,147,Luz,2558,Si
2067,2021-12-26,462,Gas,7607,Si
2068,2000-06-28,966,Luz,6960,No
2069,2017-07-11,78,Otros,8722,No
2070,2024-08-11,772,Gas,3590,No
2071,2023-10-25,109,Limpieza,1186,Si
2072,2005-04-26,202,Limpieza,1281,No
2073,2013-09-02,492,Otros,75,No
2074,2003-10-31,623,Otros,4529,No
2075,2009-03-04,444,Agua,7939,Si
2076,2009-01-04,217,Limpieza,2623,Si
2077,2021-02-27,63,Gas,7265,No
2078,2017-10-26,536,Otros,7457,Si
2079,2004-10-28,112,Gas,2111,No
2080,2019-08-14,69,Gas,9416,No
2081,2017-04-03,930,Agua,8228,No
2082,2012-07-12,508,Luz,1171,No
2083,2023-07-31,150,Gas,9851,No
2084,2002-07-16,752,Luz,9531,No
2085,2016-08-27,664,Luz,1616,Si
2086,2009-08-02,89,Agua,2336,Si
2087,2007-03-06,230,Limpieza,9176,Si
2088,2001-07-04,124,Agua,371,No
2089,2001-04-07,654,Limpieza,8596,Si
2090,2021-11-16,891,Otros,4471,No
2091,2011-07-22,338,Otros,9884,No
2092,2010-05-06,11,Limpieza,6194,Si
2093,2004-04-25,655,Limpieza,8650,No
2094,2018-06-17,243,Luz,9622,No
2095,2020-03-20,302,Limpieza,6142,No
2096,2016-11-11,172,Agua,762,No
2097,2006-03-23,407,Limpieza,9454,Si
2098,2022-08-06,352,Luz,7121,Si
2099,2012-01-03,313,Otros,2581,Si
2100,2023-03-22,628,Limpieza,2300,No
2101,2014-05-18,605,Gas,1713,Si
2102,2000-10-19,39,Otros,7192,No
2103,2019-01-12,452,Otros,7113,Si
2104,2022-07-05,112,Agua,2122,Si
2105,2020-10-06,148,Luz,7578,Si
2106,2001-12-16,131,Luz,3551,Si
2107,2011-03-29,508,Limpieza,4276,No
2108,2010-03-21,668,Limpieza,167,No
2109,2023-08-09,385,Luz,1203,Si
2110,2016-05-06,283,Luz,7073,Si
2111,2002-06-15,912,Luz,4384,Si
2112,2016-05-08,896,Gas,2141,Si
2113,2006-07-30,421,Agua,1892,Si
2114,2009-05-11,196,Otros,1754,Si
2115,2007-03-13,613,Limpieza,8896,Si
2116,2023-10-25,516,Limpieza,6619,No
2117,2012-02-21,960,Agua,3213,Si
2118,2008-02-13,838,Limpieza,7560,No
2119,2011-07-20,425,Limpieza,8680,Si
2120,2021-11-02,671,Gas,9294,Si
2121,2011-04-03,914,Gas,1897,No
2122,2018-03-15,914,Limpieza,5686,Si
2123,2004-12-26,859,Limpieza,3667,No
2124,2008-04-26,70,Limpieza,3924,Si
2125,2013-05-19,51,Luz,223,Si
2126,2000-03-31,833,Agua,2661,Si
2127,2012-12-27,765,Luz,9681,Si
2128,2018-09-16,870,Limpieza,1693,Si
2129,2010-01-10,709,Agua,4552,No
2130,2015-12-08,632,Gas,9534,No
2131,2001-04-20,912,Otros,4705,No
2132,2008-03-27,99,Otros,5828,No
2133,2018-07-28,171,Gas,792,No
2134,2015-05-12,361,Gas,9678,Si
2135,2023-05-05,915,Agua,7550,Si
2136,2005-09-02,40,Gas,3145,No
2137,2006-04-16,107,Luz,280,Si
2138,2022-12-25,295,Agua,3681,No
2139,2006-05-30,465,Gas,7017,No
2140,2002-01-26,203,Otros,1907,No
2141,2017-08-02,15,Luz,7729,No
2142,2003-08-04,316,Limpieza,5337,No
2143,2015-06-23,916,Luz,1106,Si
2144,2007-11-23,926,Otros,8101,No
2145,2002-07-17,31,Limpieza,9862,No
2146,2012-08-24,909,Limpieza,2910,No
2147,2012-06-12,173,Limpieza,6807,No
2148,2021-08-09,724,Gas,4575,No
2149,2011-04-23,792,Agua,240,Si
2150,2009-04-18,777,Otros,1712,No
2151,2016-10-26,386,Otros,9271,No
2152,2003-04-23,469,Limpieza,7121,No
2153,2019-08-12,137,Agua,1119,No
2154,2003-03-01,918,Luz,5934,No
2155,2004-05-12,555,Luz,8179,No
2156,2005-10-08,216,Gas,1305,No
2157,2018-01-22,292,Otros,7499,Si
2158,2018-08-02,742,Limpieza,8053,Si
2159,2001-11-11,297,Otros,7161,No
2160,2021-10-12,453,Luz,6150,No
2161,2018-11-29,864,Luz,4863,No
2162,2020-03-02,530,Gas,41,No
2163,2001-10-22,982,Limpieza,413,Si
2164,2012-04-27,494,Gas,4303,Si
2165,2017-05-15,283,Otros,4262,No
2166,2006-11-11,463,Otros,6352,Si
2167,2011-08-08,128,Limpieza,7,Si
2168,2015-12-07,839,Luz,603,No
2169,2010-10-15,737,Agua,5421,No
2170,2001-03-17,33,Gas,2107,Si
2171,2020-12-15,667,Agua,8733,Si
2172,2013-09-16,622,Gas,4803,Si
2173,2002-04-04,726,Agua,4034,Si
2174,2011-01-13,472,Gas,324,No
2175,2008-03-19,283,Agua,5793,No
2176,2000-12-03,695,Otros,3664,Si
2177,2005-05-15,624,Gas,4974,No
2178,2012-10-12,718,Limpieza,2428,No
2179,2006-01-12,97,Limpieza,7923,Si
2180,2006-11-10,334,Limpieza,5032,No
2181,2007-03-17,239,Otros,3021,No
2182,2000-03-20,994,Luz,940,No
2183,2000-06-15,115,Luz,6718,Si
2184,2004-05-11,565,Limpieza,7832,No
2185,2021-09-14,385,Luz,8567,No
2186,2020-07-01,122,Otros,3543,Si
2187,2012-05-20,91,Luz,2043,No
2188,2004-01-25,716,Otros,6945,Si
2189,2011-07-29,32,Limpieza,814,Si
2190,2009-08-03,909,Luz,3858,No
2191,2007-05-29,106,Otros,5504,Si
2192,2013-12-16,837,Limpieza,8433,Si
2193,2021-08-13,240,Luz,3140,Si
2194,2018-10-30,415,Limpieza,4080,No
2195,2010-02-03,839,Gas,9692,No
2196,2008-05-08,874,Agua,2757,Si
2197,2023-01-24,842,Gas,5011,No
2198,2021-05-18,561,Gas,7405,No
2199,2022-12-04,254,Agua,1515,Si
2200,2016-03-13,498,Gas,8493,Si
2201,2002-08-08,819,Agua,7968,Si
2202,2003-07-01,371,Luz,3904,Si
2203,2000-03-28,1000,Otros,73,No
2204,2016-01-10,312,Otros,837,No
2205,2010-12-21,437,Otros,1170,No
2206,2005-12-23,402,Otros,9765,Si
2207,2016-04-17,373,Luz,8191,Si
2208,2003-09-18,203,Luz,8558,No
2209,2024-01-25,16,Gas,6599,Si
2210,2019-08-31,157,Agua,5369,No
2211,2003-12-09,263,Agua,3442,No
2212,2024-01-04,775,Otros,7393,No
2213,2017-06-24,71,Otros,833,No
2214,2010-05-21,880,Otros,8403,Si
2215,2010-01-13,302,Agua,7239,No
2216,2000-02-28,489,Limpieza,8208,Si
2217,2003-12-25,627,Otros,4307,No
2218,2009-03-08,954,Otros,1542,Si
2219,2012-06-08,316,Gas,5403,No
2220,2018-05-08,999,Otros,9067,Si
2221,2007-12-29,888,Gas,903,Si
2222,2021-11-04,479,Limpieza,6336,Si
2223,2000-09-29,962,Agua,7809,No
2224,2013-11-08,802,Gas,2005,No
2225,2006-03-19,830,Limpieza,2937,No
2226,2018-06-17,512,Otros,976,No
2227,2003-02-04,799,Agua,7823,Si
2228,2015-11-05,544,Agua,4546,No
2229,2022-01-28,83,Otros,7643,Si
2230,2014-11-23,678,Luz,9137,No
2231,2019-11-01,98,Agua,3598,Si
2232,2012-10-10,357,Agua,3048,Si
2233,2007-04-20,390,Luz,5670,Si
2234,2014-03-21,10,Gas,1368,Si
2235,2014-06-22,445,Luz,5529,No
2236,2007-04-18,807,Gas,2579,No
2237,2005-03-26,126,Agua,354,Si
2238,2008-04-20,240,Otros,7928,Si
2239,2004-11-02,858,Otros,2344,No
2240,2020-07-11,203,Gas,3069,No
2241,2017-11-04,334,Limpieza,328,Si
2242,2016-09-20,580,Gas,4891,Si
2243,2015-07-19,732,Gas,4250,No
2244,2004-01-22,907,Luz,7197,Si
2245,2001-12-17,165,Gas,8685,Si
2246,2019-07-26,542,Limpieza,2334,No
2247,2007-07-29,679,Agua,5481,No
2248,2002-06-10,992,Luz,6842,Si
2249,2004-03-31,830,Otros,9881,Si
2250,2002-04-13,523,Limpieza,6557,Si
2251,2006-09-23,249,Luz,5326,No
2252,2005-10-01,603,Otros,3574,Si
2253,2010-10-16,535,Limpieza,4484,No
2254,2005-12-28,812,Otros,9132,Si
2255,2020-06-19,184,Otros,6501,No
2256,2021-10-27,392,Luz,1618,No
2257,2003-06-26,464,Limpieza,8435,No
2258,2015-03-22,5,Agua,2113,Si
2259,2022-09-07,713,Luz,902,Si
2260,2015-08-03,142,Otros,9505,Si
2261,2007-04-13,169,Gas,3527,Si
2262,2024-11-05,539,Agua,1589,Si
2263,2022-07-26,858,Luz,6914,Si
2264,2009-09-27,103,Luz,2410,Si
2265,2001-08-21,559,Gas,5821,Si
2266,2017-04-20,573,Gas,2596,Si
2267,2018-01-31,923,Limpieza,7407,Si
2268,2004-06-28,292,Luz,3462,Si
2269,2005-04-04,584,Otros,5691,No
2270,2007-09-13,100,Gas,2847,No
2271,2010-01-05,499,Gas,5902,Si
2272,2003-12-26,727,Otros,7173,Si
2273,2008-11-07,894,Limpieza,1405,Si
2274,2012-02-19,166,Gas,4643,Si
2275,2004-03-10,765,Luz,7302,No
2276,2016-09-15,326,Otros,5344,Si
2277,2013-08-31,515,Limpieza,3884,No
2278,2008-02-08,511,Limpieza,1098,No
2279,2017-03-15,999,Otros,7101,No
2280,2017-11-24,733,Limpieza,6367,No
2281,2011-12-25,141,Luz,142,No
2282,2024-12-15,392,Luz,3755,Si
2283,2012-09-08,434,Limpieza,4928,Si
2284,2022-04-09,86,Agua,9861,No
2285,2014-12-03,163,Luz,1887,Si
2286,2024-04-18,470,Agua,8706,No
2287,2022-10-08,675,Limpieza,5325,Si
2288,2021-10-16,300,Luz,3547,No
2289,2013-03-22,568,Limpieza,4474,Si
2290,2018-07-16,338,Gas,2409,Si
2291,2008-04-08,327,Otros,3292,No
2292,2004-10-05,588,Gas,2665,No
2293,2012-04-04,752,Luz,3541,No
2294,2010-04-09,984,Agua,8339,Si
2295,2011-08-27,515,Gas,8282,Si
2296,2007-04-22,440,Agua,8588,No
2297,2004-02-25,277,Luz,5043,Si
2298,2018-12-12,362,Otros,7454,Si
2299,2004-01-03,168,Luz,3740,Si
2300,2011-12-13,771,Limpieza,1841,Si
2301,2024-04-22,832,Limpieza,6301,No
2302,2015-12-23,928,Otros,1867,No
2303,2020-07-09,870,Gas,927,No
2304,2017-06-03,484,Limpieza,9654,Si
2305,2023-05-01,108,Gas,6044,No
2306,2016-06-17,99,Agua,5745,Si
2307,2005-11-30,527,Gas,8149,Si
2308,2003-03-12,937,Otros,5834,No
2309,2010-09-06,948,Agua,2420,No
2310,2004-05-04,149,Otros,2361,No
2311,2021-07-22,450,Otros,9972,Si
2312,2010-06-05,723,Limpieza,7712,No
2313,2001-04-25,385,Agua,5605,No
2314,2024-11-03,493,Otros,3667,No
2315,2022-05-19,395,Agua,5423,No
2316,2007-09-29,53,Otros,1328,Si
2317,2011-12-29,291,Luz,1926,No
2318,2017-05-09,878,Gas,1425,Si
2319,2023-04-18,773,Luz,1243,Si
2320,2023-10-06,862,Limpieza,8085,No
2321,2010-03-30,735,Luz,9253,Si
2322,2012-07-04,604,Otros,8079,Si
2323,2015-08-22,722,Agua,7251,No
2324,2001-08-04,860,Luz,896,Si
2325,2008-11-16,48,Gas,9077,Si
2326,2012-05-27,912,Otros,2335,No
2327,2008-04-22,319,Gas,9593,Si
2328,2000-05-28,28,Luz,8926,Si
2329,2021-10-23,816,Otros,6648,Si
2330,2018-07-11,85,Limpieza,9073,Si
2331,2020-11-09,427,Otros,923,Si
2332,2012-03-18,118,Luz,3806,Si
2333,2020-12-30,703,Gas,3617,No
2334,2009-07-20,483,Luz,1289,Si
2335,2017-05-05,537,Agua,8656,No
2336,2021-08-27,989,Agua,99,Si
2337,2015-01-08,516,Otros,5149,No
2338,2013-02-04,708,Gas,9149,No
2339,2019-04-20,919,Otros,2240,No
2340,2022-03-22,226,Agua,3334,Si
2341,2017-07-17,798,Luz,3257,No
2342,2015-02-13,96,Gas,5763,Si
2343,2001-04-09,764,Gas,8481,Si
2344,2013-05-23,802,Luz,7715,Si
2345,2003-12-12,999,Luz,5731,No
2346,2013-05-21,545,Limpieza,6483,Si
2347,2019-02-05,795,Agua,9128,Si
2348,2000-01-04,136,Otros,8269,Si
2349,2005-09-12,384,Otros,1530,No
2350,2000-05-09,963,Gas,4414,No
2351,2005-11-14,685,Otros,9513,No
2352,2007-05-12,350,Limpieza,2913,Si
2353,2015-05-17,769,Gas,8587,No
2354,2014-06-26,712,Otros,18,No
2355,2018-06-22,564,Luz,2607,Si
2356,2022-10-24,52,Otros,9767,No
2357,2004-11-25,653,Agua,1090,No
2358,2004-02-11,116,Otros,48,No
2359,2005-12-15,984,Luz,3422,No
2360,2018-05-18,533,Agua,958,Si
2361,2021-04-24,44,Otros,7628,No
2362,2021-01-21,696,Limpieza,2396,Si
2363,2011-09-19,497,Otros,4622,No
2364,2006-02-17,120,Gas,9015,No
2365,2005-08-02,194,Otros,1717,Si
2366,2006-10-24,88,Limpieza,496,No
2367,2003-12-20,366,Otros,2910,Si
2368,2007-09-18,72,Agua,4465,Si
2369,2012-11-04,941,Otros,6894,Si
2370,2002-07-08,442,Agua,3925,No
2371,2005-10-16,587,Limpieza,9228,Si
2372,2013-09-16,753,Luz,1764,No
2373,2008-11-25,820,Limpieza,6559,No
2374,2017-07-21,733,Limpieza,4301,Si
2375,2009-09-14,375,Luz,5334,Si
2376,2014-03-06,201,Luz,7304,Si
2377,2023-07-19,920,Limpieza,9131,Si
2378,2014-09-22,29,Limpieza,5390,No
2379,2011-09-14,647,Agua,9658,Si
2380,2017-07-10,902,Agua,4510,No
2381,2023-02-11,38,Agua,5972,No
2382,2001-08-20,935,Limpieza,5210,No
2383,2016-10-05,833,Gas,3356,No
2384,2016-02-28,349,Luz,3229,Si
2385,2018-02-23,556,Otros,9749,No
2386,2022-09-21,940,Agua,1840,No
2387,2006-04-27,26,Gas,9809,Si
2388,2019-02-18,683,Gas,5576,No
2389,2024-06-01,353,Agua,1871,No
2390,2008-11-07,34,Luz,8322,Si
2391,2005-10-06,368,Otros,9045,No
2392,2020-03-28,587,Limpieza,8297,No
2393,2018-10-07,569,Limpieza,7004,Si
2394,2004-06-25,825,Otros,2522,Si
2395,2018-01-14,81,Agua,1189,Si
2396,2008-11-25,964,Gas,2080,Si
2397,2021-05-13,193,Otros,5825,No
2398,2023-08-16,104,Luz,1256,Si
2399,2021-06-17,769,Gas,6263,Si
2400,2008-05-21,587,Luz,7176,No
2401,2000-09-25,903,Limpieza,7471,Si
2402,2014-03-21,61,Limpieza,5978,No
2403,2005-06-01,674,Agua,5706,Si
2404,2020-05-08,529,Limpieza,4825,Si
2405,2016-09-22,493,Limpieza,5501,No
2406,2018-12-12,830,Otros,3118,Si
2407,2000-10-18,831,Gas,3991,No
2408,2021-06-16,255,Limpieza,3435,No
2409,2014-06-07,3,Limpieza,514,No
2410,2024-10-31,867,Gas,3961,Si
2411,2009-04-30,485,Agua,1230,No
2412,2016-05-14,905,Luz,6405,Si
2413,2013-03-07,917,Otros,6073,No
2414,2021-09-30,395,Limpieza,872,No
2415,2024-03-16,459,Gas,233,Si
2416,2019-01-29,948,Otros,4774,No
2417,2010-05-31,57,Gas,4985,No
2418,2009-07-29,809,Luz,8505,No
2419,2017-04-03,279,Limpieza,6558,No
2420,2015-11-04,872,Agua,2044,No
2421,2008-06-06,766,Otros,9567,No
2422,2020-07-28,688,Agua,946,No
2423,2007-12-27,127,Luz,1036,No
2424,2022-07-18,548,Luz,8323,Si
2425,2001-04-02,659,Luz,65,No
2426,2003-10-10,473,Agua,463,No
2427,2012-10-02,224,Gas,7164,Si
2428,2012-02-17,847,Agua,1542,No
2429,2021-05-28,106,Luz,2937,Si
2430,2016-01-08,249,Luz,6438,Si
2431,2023-03-06,835,Gas,9826,No
2432,2011-06-01,163,Agua,3463,Si
2433,2010-02-26,171,Gas,3263,Si
2434,2015-04-20,413,Limpieza,312,Si
2435,2000-09-08,672,Luz,2056,No
2436,2001-06-16,361,Gas,523,Si
2437,2008-12-12,495,Otros,5963,No
2438,2014-04-08,796,Limpieza,250,Si
2439,2009-12-11,634,Gas,4347,No
2440,2008-01-23,258,Limpieza,1799,Si
2441,2013-10-27,595,Limpieza,1666,Si
2442,2021-11-22,7,Limpieza,3131,Si
2443,2000-10-03,71,Limpieza,518,Si
2444,2006-03-04,539,Gas,7728,No
2445,2021-01-11,385,Luz,344,No
2446,2006-10-02,945,Limpieza,2380,Si
2447,2020-02-05,504,Otros,8848,Si
2448,2016-04-03,52,Agua,2745,Si
2449,2021-10-27,178,Luz,5428,No
2450,2003-04-22,375,Otros,4763,Si
2451,2016-10-06,916,Otros,8186,Si
2452,2004-09-21,906,Agua,1216,Si
2453,2021-06-05,765,Gas,770,Si
2454,2003-11-02,836,Limpieza,4606,Si
2455,2020-08-11,136,Agua,2002,No
2456,2019-04-01,73,Gas,7441,Si
2457,2008-12-12,878,Agua,7658,Si
2458,2003-02-06,589,Agua,5858,Si
2459,2010-04-06,55,Gas,3226,Si
2460,2002-06-10,572,Limpieza,1121,No
2461,2001-02-17,302,Gas,5737,Si
2462,2003-11-26,811,Otros,2312,No
2463,2024-07-25,947,Agua,9094,No
2464,2007-05-14,454,Limpieza,761,No
2465,2005-09-01,672,Limpieza,8204,No
2466,2021-10-10,770,Gas,5289,Si
2467,2008-06-17,281,Agua,7549,No
2468,2008-07-17,270,Limpieza,4586,No
2469,2004-11-17,840,Agua,8994,No
2470,2001-07-10,110,Luz,5863,No
2471,2022-06-28,118,Gas,7793,No
2472,2005-02-15,471,Otros,6156,Si
2473,2024-03-16,857,Otros,6273,No
2474,2023-03-07,349,Otros,9192,Si
2475,2020-02-15,838,Luz,7066,Si
2476,2023-12-30,839,Agua,603,No
2477,2014-10-13,490,Otros,8072,No
2478,2010-02-22,626,Limpieza,8892,Si
2479,2000-03-16,724,Gas,8050,No
2480,2024-11-19,811,Luz,3579,No
2481,2004-01-22,333,Luz,1716,No
2482,2021-01-14,915,Luz,6030,No
2483,2003-07-03,531,Otros,4257,Si
2484,2005-01-29,836,Otros,5986,No
2485,2007-08-19,589,Limpieza,2141,Si
2486,2006-10-07,694,Otros,606,Si
2487,2008-02-29,306,Gas,6440,Si
2488,2023-10-07,360,Otros,712,Si
2489,2003-11-20,807,Gas,641,Si
2490,2018-06-06,820,Gas,7063,Si
2491,2001-02-17,281,Gas,9943,Si
2492,2021-01-06,676,Gas,3727,No
2493,2014-07-13,30,Agua,2477,Si
2494,2002-08-15,690,Agua,1045,Si
2495,2012-07-10,372,Otros,5503,No
2496,2021-12-18,265,Otros,6533,Si
2497,2003-01-06,176,Luz,7402,Si
2498,2022-04-19,117,Limpieza,3562,No
2499,2018-04-17,704,Agua,5197,No
2500,2005-05-08,209,Gas,8926,Si
2501,2005-10-14,285,Luz,5368,No
2502,2010-08-03,242,Otros,6080,No
2503,2019-12-04,911,Gas,6158,No
2504,2006-09-15,255,Luz,9310,Si
2505,2022-10-30,825,Luz,7324,Si
2506,2017-12-03,539,Agua,5494,No
2507,2004-09-12,593,Agua,4727,Si
2508,2003-08-15,628,Luz,3605,Si
2509,2023-02-20,865,Otros,3397,Si
2510,2003-08-27,304,Luz,7020,No
2511,2004-05-28,994,Otros,820,No
2512,2020-09-13,923,Gas,5463,Si
2513,2000-01-29,64,Agua,988,Si
2514,2024-11-27,86,Luz,6518,No
2515,2023-03-20,244,Limpieza,8118,Si
2516,2004-12-02,440,Gas,3385,No
2517,2000-08-13,751,Otros,5565,Si
2518,2000-06-21,178,Limpieza,4010,Si
2519,2022-03-02,104,Gas,1917,No
2520,2020-06-16,146,Otros,8529,No
2521,2015-08-14,129,Gas,3166,No
2522,2024-02-25,240,Luz,8916,No
2523,2019-08-24,365,Gas,2091,Si
2524,2006-06-29,858,Limpieza,1853,Si
2525,2018-11-16,275,Limpieza,1625,Si
2526,2002-04-10,107,Gas,2090,Si
2527,2008-08-09,246,Otros,939,Si
2528,2007-08-29,682,Luz,3528,Si
2529,2002-05-17,457,Agua,3492,Si
2530,2019-04-23,810,Gas,4447,Si
2531,2003-04-09,918,Gas,1125,Si
2532,2020-10-12,436,Limpieza,9444,No
2533,2011-02-19,236,Gas,7171,Si
2534,2006-03-06,446,Agua,1711,No
2535,2013-09-17,991,Otros,5408,Si
2536,2003-07-14,595,Otros,6002,Si
2537,2024-03-19,632,Agua,9861,No
2538,2008-09-08,556,Agua,1764,Si
2539,2009-07-04,391,Limpieza,84,No
2540,2011-06-08,805,Gas,5699,No
2541,2005-09-30,750,Agua,3530,No
2542,2015-07-28,98,Limpieza,1134,No
2543,2016-09-23,519,Otros,8912,Si
2544,2005-07-23,245,Luz,2108,Si
2545,2005-12-11,589,Limpieza,9220,Si
2546,2007-03-02,706,Gas,9601,No
2547,2022-09-21,969,Gas,4768,Si
2548,2004-12-14,467,Limpieza,5495,No
2549,2008-01-28,652,Limpieza,5865,No
2550,2023-07-14,156,Limpieza,3015,Si
2551,2002-11-18,65,Gas,2092,Si
2552,2016-12-10,119,Limpieza,369,Si
2553,2004-01-13,246,Luz,5108,Si
2554,2012-05-29,535,Gas,70,No
2555,2017-02-08,386,Gas,3631,No
2556,2017-01-04,852,Luz,8047,Si
2557,2007-12-06,116,Limpieza,9021,No
2558,2012-01-24,934,Limpieza,9688,No
2559,2021-12-22,670,Otros,5634,No
2560,2018-05-05,750,Luz,662,Si
2561,2001-09-23,410,Agua,8862,No
2562,2020-06-04,501,Otros,6911,Si
2563,2012-05-12,932,Gas,8613,Si
2564,2006-03-18,944,Gas,1320,No
2565,2021-06-19,337,Limpieza,129,Si
2566,2022-07-20,792,Agua,3514,No
2567,2024-09-12,622,Gas,7174,Si
2568,2020-05-20,251,Luz,682,Si
2569,2006-04-09,97,Agua,7412,No
2570,2023-11-08,635,Limpieza,3030,No
2571,2007-05-26,151,Luz,7555,No
2572,2021-09-07,620,Luz,4011,Si
2573,2001-07-01,467,Luz,986,Si
2574,2011-05-23,624,Otros,8908,Si
2575,2014-11-20,676,Limpieza,3872,No
2576,2023-12-03,651,Luz,6181,No
2577,2009-09-15,104,Luz,437,No
2578,2015-01-28,689,Gas,3867,Si
2579,2006-12-02,724,Otros,7138,Si
2580,2021-10-02,603,Limpieza,4336,Si
2581,2024-05-14,406,Limpieza,4443,No
2582,2017-01-29,599,Gas,540,Si
2583,2007-09-20,182,Luz,5263,Si
2584,2003-11-27,151,Otros,9875,Si
2585,2023-04-22,325,Agua,5778,No
2586,2021-04-29,966,Otros,9543,Si
2587,2023-06-22,927,Gas,9335,No
2588,2015-06-29,772,Otros,6857,Si
2589,2003-07-11,91,Luz,984,No
2590,2013-11-29,960,Otros,4180,Si
2591,2023-03-27,166,Gas,1109,No
2592,2013-06-01,884,Otros,1222,Si
2593,2009-02-11,211,Gas,5580,No
2594,2021-03-11,232,Agua,1250,No
2595,2014-09-20,209,Limpieza,3330,Si
2596,2020-05-23,582,Agua,4892,No
2597,2019-08-31,341,Gas,7789,Si
2598,2010-11-15,468,Gas,7507,Si
2599,2006-11-30,555,Limpieza,9418,No
2600,2021-07-15,188,Otros,9659,Si
2601,2011-05-16,930,Otros,7773,Si
2602,2003-05-31,65,Agua,6811,No
2603,2007-11-10,471,Luz,9136,No
2604,2006-08-13,33,Otros,9606,Si
2605,2008-12-09,812,Otros,4749,No
2606,2021-06-09,865,Gas,859,Si
2607,2011-09-05,325,Gas,8833,No
2608,2000-07-21,529,Gas,3824,Si
2609,2023-01-13,650,Limpieza,3459,Si
2610,2005-05-18,185,Luz,6472,Si
2611,2021-06-09,388,Luz,4089,No
2612,2018-03-04,111,Limpieza,6329,Si
2613,2018-10-21,300,Agua,2196,Si
2614,2022-06-01,944,Luz,7944,Si
2615,2001-09-30,934,Otros,177,Si
2616,2012-05-30,315,Limpieza,9719,No
2617,2015-04-24,768,Gas,7160,Si
2618,2024-05-26,301,Agua,6857,Si
2619,2005-05-01,940,Limpieza,2391,Si
2620,2015-11-12,969,Limpieza,3526,No
2621,2021-05-07,352,Gas,1374,Si
2622,2004-12-13,628,Otros,5811,Si
2623,2022-04-08,130,Otros,3835,Si
2624,2016-03-05,283,Luz,5476,Si
2625,2007-12-22,259,Limpieza,5755,Si
2626,2018-07-03,260,Gas,9578,No
2627,2023-07-07,897,Luz,9445,No
2628,2008-06-20,12,Luz,618,Si
2629,2008-02-28,801,Gas,7409,No
2630,2001-09-07,356,Agua,1688,No
2631,2004-05-04,589,Otros,2742,No
2632,2023-06-28,780,Luz,3910,No
2633,2009-06-28,611,Luz,2282,Si
2634,2003-02-07,481,Gas,8348,Si
2635,2010-01-22,388,Limpieza,3807,No
2636,2009-05-28,335,Luz,2728,Si
2637,2016-06-05,924,Gas,4620,No
2638,2024-04-14,968,Luz,364,No
2639,2006-04-16,526,Otros,1477,Si
2640,2012-05-03,669,Luz,7924,No
2641,2004-11-21,567,Luz,7060,No
2642,2016-02-29,165,Limpieza,5144,Si
2643,2010-06-07,395,Agua,5067,No
2644,2004-06-15,915,Limpieza,1923,No
2645,2003-05-12,613,Otros,3105,No
2646,2011-01-24,356,Gas,4429,No
2647,2018-07-17,515,Agua,5997,Si
2648,2024-08-31,327,Otros,3652,No
2649,2007-05-07,939,Agua,6563,No
2650,2015-12-28,730,Gas,6497,No
2651,2007-06-21,13,Agua,4045,No
2652,2018-12-31,816,Gas,2766,Si
2653,2007-02-21,983,Limpieza,8481,No
2654,2024-09-08,743,Gas,1626,Si
2655,2015-05-13,279,Gas,9145,No
2656,2008-08-16,778,Limpieza,4684,No
2657,2020-03-19,683,Agua,3350,Si
2658,2018-06-21,45,Limpieza,1784,No
2659,2004-06-03,580,Luz,8063,No
2660,2010-02-28,331,Limpieza,551,No
2661,2001-02-13,158,Agua,8273,Si
2662,2008-01-16,845,Luz,9369,No
2663,2010-03-29,868,Gas,2975,No
2664,2023-12-23,134,Otros,5847,No
2665,2022-03-11,537,Otros,7742,Si
2666,2021-05-16,816,Gas,3118,No
2667,2023-11-05,918,Luz,3591,Si
2668,2009-11-14,448,Luz,5123,Si
2669,2007-11-28,363,Agua,5666,Si
2670,2011-09-21,825,Agua,9931,Si
2671,2005-11-05,352,Limpieza,8566,Si
2672,2010-01-08,633,Limpieza,6276,No
2673,2020-03-20,887,Limpieza,802,No
2674,2023-06-27,481,Agua,6849,No
2675,2016-02-02,129,Agua,3521,No
2676,2001-07-26,300,Agua,1582,Si
2677,2019-07-01,764,Otros,9185,Si
2678,2008-06-07,582,Gas,7746,Si
2679,2011-10-03,979,Limpieza,4175,Si
2680,2013-02-19,875,Gas,4054,No
2681,2016-04-27,334,Otros,488,No
2682,2002-06-23,222,Luz,9095,No
2683,2020-02-15,757,Luz,1906,Si
2684,2024-08-21,436,Limpieza,5363,Si
2685,2000-04-11,343,Agua,2996,Si
2686,2008-01-20,79,Agua,7935,Si
2687,2014-01-23,141,Otros,7447,Si
2688,2021-03-27,524,Limpieza,8399,Si
2689,2000-09-28,500,Otros,938,No
2690,2015-04-30,734,Limpieza,9798,No
2691,2007-02-03,529,Luz,2209,Si
2692,2002-10-28,645,Limpieza,7499,Si
2693,2002-04-12,994,Limpieza,1918,Si
2694,2010-05-02,813,Agua,6353,Si
2695,2011-07-10,420,Otros,8,No
2696,2008-06-23,176,Otros,3126,Si
2697,2003-07-28,382,Luz,4221,Si
2698,2018-02-16,948,Otros,7741,No
2699,2005-10-13,272,Gas,3157,Si
2700,2007-06-22,747,Gas,4703,Si
2701,2002-04-08,899,Luz,369,Si
2702,2015-09-29,778,Luz,5400,Si
2703,2012-09-25,33,Limpieza,2412,Si
2704,2016-09-10,477,Luz,3366,No
2705,2021-12-13,378,Luz,6131,No
2706,2017-11-21,934,Otros,4218,No
2707,2020-06-19,361,Agua,233,No
2708,2012-09-23,253,Luz,739,Si
2709,2024-02-29,672,Gas,5230,Si
2710,2007-08-28,693,Limpieza,4704,Si
2711,2017-02-01,384,Limpieza,9758,No
2712,2022-09-02,769,Agua,6990,No
2713,2014-07-29,490,Luz,1863,Si
2714,2011-03-06,481,Luz,3940,Si
2715,2003-04-16,203,Agua,4509,No
2716,2009-12-11,95,Otros,3107,No
2717,2016-01-31,977,Otros,2188,No
2718,2006-06-25,155,Luz,1627,No
2719,2022-10-13,748,Otros,5808,No
2720,2012-09-06,485,Limpieza,2038,Si
2721,2018-05-13,106,Otros,2759,Si
2722,2001-02-18,497,Limpieza,879,No
2723,2001-09-24,605,Otros,5546,Si
2724,2005-08-17,920,Gas,3565,No
2725,2020-01-08,336,Otros,9467,Si
2726,2010-04-24,692,Limpieza,6846,Si
2727,2024-05-04,974,Limpieza,9771,No
2728,2013-10-30,376,Luz,4103,Si
2729,2020-10-14,425,Agua,6508,Si
2730,2011-06-06,305,Gas,8820,No
2731,2019-08-14,326,Luz,6594,Si
2732,2023-02-28,712,Limpieza,6835,Si
2733,2008-01-26,218,Limpieza,9418,No
2734,2024-12-26,216,Limpieza,9376,No
2735,2017-03-02,257,Agua,3192,No
2736,2023-06-07,572,Agua,1323,Si
2737,2009-06-27,919,Agua,6225,No
2738,2012-04-29,950,Otros,3060,No
2739,2001-01-25,252,Otros,2672,No
2740,2006-11-29,534,Agua,6166,No
2741,2000-08-27,128,Gas,5713,No
2742,2001-12-28,798,Agua,9762,No
2743,2002-02-03,415,Limpieza,4545,Si
2744,2001-06-21,360,Agua,3555,No
2745,2019-12-07,436,Luz,3928,Si
2746,2005-10-30,941,Otros,8412,No
2747,2004-12-18,296,Luz,8419,Si
2748,2000-07-27,8,Gas,7413,Si
2749,2015-05-03,145,Luz,6280,No
2750,2021-04-21,693,Agua,9592,Si
2751,2010-06-28,47,Agua,9982,Si
2752,2007-12-21,793,Luz,5795,Si
2753,2007-05-29,854,Agua,4536,No
2754,2021-08-08,357,Luz,689,No
2755,2007-08-31,479,Agua,3475,Si
2756,2001-09-06,295,Limpieza,5938,No
2757,2000-02-18,568,Otros,4123,No
2758,2001-09-10,504,Agua,2256,No
2759,2012-02-11,556,Limpieza,5305,Si
2760,2008-11-16,728,Gas,3110,No
2761,2011-10-28,726,Luz,4342,Si
2762,2009-01-29,188,Luz,5358,No
2763,2023-08-14,571,Limpieza,7283,No
2764,2012-01-03,707,Limpieza,5939,No
2765,2023-12-03,93,Otros,3701,Si
2766,2021-05-22,407,Luz,8374,No
2767,2009-08-23,558,Luz,619,No
2768,2018-12-26,235,Otros,7283,No
2769,2014-10-27,973,Gas,7213,Si
2770,2001-09-27,385,Otros,551,Si
2771,2017-01-07,839,Agua,1887,No
2772,2021-05-12,936,Agua,4499,Si
2773,2013-03-18,16,Agua,8969,Si
2774,2017-07-17,802,Agua,8744,Si
2775,2022-04-24,157,Luz,9771,Si
2776,2013-05-11,928,Limpieza,9203,Si
2777,2014-08-15,18,Gas,9514,No
2778,2012-05-09,589,Luz,891,No
2779,2017-05-26,392,Gas,7499,No
2780,2006-01-08,686,Otros,2604,No
2781,2000-05-27,625,Otros,6517,Si
2782,2001-09-16,77,Luz,7494,No
2783,2010-02-22,905,Luz,3442,No
2784,2020-01-07,141,Otros,3698,Si
2785,2020-08-16,909,Gas,1006,No
2786,2012-07-11,225,Luz,3761,Si
2787,2019-09-16,924,Agua,4668,Si
2788,2003-11-06,297,Otros,9984,No
2789,2019-12-16,255,Otros,4597,Si
2790,2013-02-09,925,Luz,3181,No
2791,2007-07-25,491,Agua,7261,No
2792,2017-02-28,529,Luz,6053,No
2793,2012-02-03,157,Luz,4577,No
2794,2024-04-22,269,Limpieza,247,No
2795,2007-06-21,842,Luz,1485,No
2796,2008-12-04,17,Gas,1742,No
2797,2014-02-12,146,Limpieza,5146,Si
2798,2008-03-10,460,Luz,4131,Si
2799,2023-06-09,422,Limpieza,5709,Si
2800,2022-03-01,279,Luz,3311,Si
2801,2002-04-13,107,Agua,1522,No
2802,2011-10-31,859,Limpieza,8008,No
2803,2014-09-24,232,Limpieza,1543,No
2804,2018-05-11,666,Limpieza,8752,Si
2805,2003-11-13,855,Otros,5543,No
2806,2022-06-22,108,Limpieza,2313,No
2807,2010-10-08,579,Limpieza,6094,Si
2808,2023-10-09,374,Limpieza,1290,No
2809,2018-05-12,581,Luz,1900,Si
2810,2024-06-30,136,Limpieza,1711,No
2811,2018-04-13,242,Agua,1934,No
2812,2021-06-25,233,Agua,6060,Si
2813,2010-02-18,982,Otros,3233,Si
2814,2017-12-06,805,Limpieza,5835,Si
2815,2018-08-30,288,Gas,342,No
2816,2024-09-19,383,Otros,9312,No
2817,2011-04-14,804,Agua,8451,No
2818,2009-09-05,791,Agua,4975,No
2819,2023-07-11,895,Agua,50,Si
2820,2020-09-25,235,Limpieza,4459,Si
2821,2021-08-21,617,Gas,2954,Si
2822,2022-06-06,51,Luz,105,Si
2823,2011-11-23,2,Gas,8761,No
2824,2021-12-31,550,Limpieza,3973,Si
2825,2019-11-07,738,Limpieza,329,No
2826,2005-04-21,865,Gas,8601,No
2827,2005-06-29,756,Luz,9353,Si
2828,2010-04-26,496,Limpieza,6128,Si
2829,2015-04-12,624,Agua,4269,No
2830,2007-09-24,697,Gas,392,No
2831,2024-07-13,61,Otros,5427,No
2832,2016-04-25,798,Otros,751,No
2833,2014-08-06,955,Agua,677,No
2834,2001-04-19,850,Otros,772,No
2835,2022-02-02,781,Gas,4183,Si
2836,2024-08-16,853,Agua,3230,No
2837,2015-10-21,643,Agua,3342,Si
2838,2018-04-03,40,Limpieza,8553,No
2839,2012-05-24,822,Gas,1699,No
2840,2023-10-10,974,Limpieza,9864,Si
2841,2003-11-26,99,Otros,6659,Si
2842,2021-08-26,735,Limpieza,2492,Si
2843,2021-08-15,139,Otros,1009,Si
2844,2013-01-17,691,Gas,8963,Si
2845,2007-11-03,968,Luz,1396,No
2846,2006-02-26,477,Otros,3021,Si
2847,2008-10-21,419,Limpieza,1326,No
2848,2010-03-24,125,Agua,5013,Si
2849,2021-06-11,964,Limpieza,9625,Si
2850,2021-05-10,866,Luz,9327,Si
2851,2009-09-27,522,Agua,7754,No
2852,2013-04-25,144,Otros,1394,No
2853,2013-09-15,432,Luz,5307,Si
2854,2009-06-01,126,Luz,2663,Si
2855,2005-11-26,398,Limpieza,3030,No
2856,2023-03-22,222,Otros,1136,Si
2857,2006-07-14,365,Luz,9554,No
2858,2008-10-10,999,Limpieza,8344,No
2859,2007-04-17,995,Otros,1831,No
2860,2007-03-29,633,Luz,9058,Si
2861,2015-03-14,958,Limpieza,367,No
2862,2014-09-30,467,Otros,6547,Si
2863,2012-04-13,381,Gas,9917,No
2864,2006-07-28,926,Limpieza,3619,No
2865,2002-10-09,975,Limpieza,1863,No
2866,2024-11-17,793,Limpieza,5297,No
2867,2005-08-01,43,Limpieza,5640,Si
2868,2005-12-12,282,Agua,6069,No
2869,2015-02-06,774,Limpieza,9351,No
2870,2013-07-23,450,Agua,8262,Si
2871,2015-05-28,73,Agua,8834,Si
2872,2007-07-14,575,Limpieza,5552,Si
2873,2005-02-02,115,Luz,4273,Si
2874,2018-12-29,908,Gas,516,No
2875,2004-07-01,984,Limpieza,5459,Si
2876,2024-12-07,80,Otros,7842,No
2877,2000-08-14,865,Otros,6022,No
2878,2013-01-31,967,Agua,491,Si
2879,2018-03-03,28,Luz,7554,Si
2880,2013-07-16,71,Limpieza,3801,No
2881,2010-12-19,106,Gas,3026,Si
2882,2000-07-14,997,Luz,7727,No
2883,2012-05-06,76,Otros,7637,Si
2884,2014-12-22,521,Otros,8873,No
2885,2008-08-31,285,Otros,3735,Si
2886,2002-01-19,589,Gas,9621,Si
2887,2019-03-10,667,Otros,9047,Si
2888,2010-01-03,519,Agua,2616,No
2889,2011-05-22,488,Agua,6566,No
2890,2002-05-12,983,Luz,1869,No
2891,2008-06-13,350,Agua,3418,Si
2892,2020-07-21,766,Limpieza,3948,No
2893,2010-07-25,316,Gas,7760,Si
2894,2012-12-21,968,Gas,8568,No
2895,2020-06-04,152,Otros,1885,Si
2896,2017-04-24,998,Luz,521,No
2897,2013-11-10,970,Luz,6477,No
2898,2001-10-22,74,Otros,4992,Si
2899,2006-04-29,332,Agua,2112,No
2900,2019-11-13,13,Gas,3604,Si
2901,2017-06-10,22,Luz,4312,Si
2902,2019-04-23,661,Otros,9298,Si
2903,2004-03-21,459,Limpieza,4715,Si
2904,2013-01-04,652,Agua,4940,No
2905,2019-08-21,724,Otros,4109,No
2906,2010-02-18,791,Agua,7136,Si
2907,2009-03-15,379,Luz,2723,Si
2908,2001-10-30,801,Otros,2435,Si
2909,2002-10-14,386,Limpieza,1543,Si
2910,2000-02-19,426,Otros,5411,Si
2911,2021-10-08,637,Otros,4474,No
2912,2006-08-05,644,Luz,608,Si
2913,2011-02-11,746,Gas,328,Si
2914,2017-09-21,418,Gas,3737,Si
2915,2008-08-08,547,Limpieza,6406,Si
2916,2000-05-18,678,Otros,9271,No
2917,2022-08-25,245,Limpieza,9242,No
2918,2000-07-19,877,Agua,3456,No
2919,2023-06-29,213,Otros,3267,No
2920,2013-12-22,928,Limpieza,8318,Si
2921,2005-06-21,634,Luz,1728,No
2922,2016-03-18,861,Otros,7089,No
2923,2022-09-11,68,Gas,1134,No
2924,2006-06-17,470,Otros,8344,Si
2925,2006-02-22,289,Limpieza,8512,No
2926,2002-01-01,47,Otros,7752,No
2927,2010-11-20,727,Limpieza,5749,Si
2928,2024-09-06,13,Gas,7436,No
2929,2008-09-22,840,Limpieza,961,Si
2930,2010-03-27,805,Otros,2556,No
2931,2014-02-21,506,Agua,7604,Si
2932,2016-03-04,317,Luz,5630,Si
2933,2017-08-27,501,Gas,2000,No
2934,2019-05-08,951,Luz,6932,No
2935,2009-09-28,106,Luz,87,No
2936,2017-04-18,240,Luz,8560,No
2937,2020-07-20,827,Gas,3273,Si
2938,2011-03-30,296,Limpieza,1895,No
2939,2014-04-03,803,Agua,6033,Si
2940,2021-09-16,733,Otros,5067,Si
2941,2014-09-24,554,Limpieza,3602,No
2942,2022-11-08,996,Gas,3871,Si
2943,2008-04-02,515,Luz,5353,Si
2944,2016-03-17,899,Luz,3704,Si
2945,2024-04-08,158,Luz,7323,Si
2946,2021-07-31,326,Limpieza,1804,No
2947,2010-08-29,806,Luz,5580,No
2948,2002-12-30,6,Limpieza,6699,Si
2949,2009-11-13,547,Gas,1913,No
2950,2006-01-26,416,Limpieza,1138,No
2951,2004-04-29,810,Limpieza,9033,Si
2952,2019-03-26,894,Luz,3076,No
2953,2022-12-26,35,Limpieza,9275,No
2954,2024-06-26,136,Otros,110,No
2955,2010-08-19,302,Limpieza,1822,Si
2956,2003-03-11,405,Agua,3465,Si
2957,2009-03-10,690,Otros,3397,No
2958,2004-06-07,219,Limpieza,1113,Si
2959,2015-07-01,754,Luz,2603,Si
2960,2020-08-18,511,Agua,6176,No
2961,2006-12-30,272,Luz,8791,No
2962,2018-05-12,859,Limpieza,7267,No
2963,2022-10-02,717,Otros,9129,No
2964,2016-01-29,233,Limpieza,3555,No
2965,2005-12-19,309,Agua,3563,Si
2966,2012-07-14,752,Gas,7805,No
2967,2017-04-23,482,Luz,8521,No
2968,2016-05-07,664,Limpieza,3344,Si
2969,2000-06-23,368,Gas,9150,No
2970,2014-11-23,544,Luz,1690,No
2971,2012-11-29,333,Gas,592,Si
2972,2017-10-11,626,Gas,163,No
2973,2014-01-14,362,Limpieza,1949,No
2974,2024-05-17,106,Luz,4921,Si
2975,2023-09-23,606,Gas,5413,No
2976,2012-03-08,522,Agua,8109,No
2977,2006-04-04,904,Limpieza,3708,No
2978,2018-04-11,338,Otros,6727,Si
2979,2012-11-05,954,Luz,5524,Si
2980,2006-06-30,700,Gas,5498,No
2981,2009-09-28,914,Gas,7079,No
2982,2003-04-30,870,Limpieza,324,Si
2983,2016-09-01,218,Agua,5758,No
2984,2022-02-27,61,Gas,4063,Si
2985,2010-11-15,144,Limpieza,4191,No
2986,2011-10-19,523,Limpieza,6491,Si
2987,2007-09-28,807,Luz,1381,No
2988,2002-04-14,487,Limpieza,1874,No
2989,2014-08-08,134,Otros,7934,Si
2990,2001-02-26,143,Otros,1858,No
2991,2023-10-21,438,Otros,566,Si
2992,2024-12-27,696,Otros,674,Si
2993,2006-01-23,973,Agua,7610,Si
2994,2019-09-21,862,Agua,3437,No
2995,2011-02-02,958,Gas,491,No
2996,2008-11-01,972,Limpieza,2629,No
2997,2010-07-01,808,Luz,3929,No
2998,2017-12-12,666,Limpieza,8502,No
2999,2005-01-02,521,Limpieza,9658,Si
3000,2021-03-29,978,Gas,8669,Si
